timestamp(ms),Hall w solenoid correction (1-1024),analog value (1-1024) (filtered),Hall mT (filtered),solenoid correction (units analog),analog value (1-1024) (raw),Distance cm (filtered),Solenoid value (0-255),
"35.019",,,,,,,"214",
"35.023",,,,"556",,,,
"35.027",,,,,"595",,,
"35.032","548",,,,,,,
"35.035",,"551",,,,,,
"35.038",,,"25.48",,,,,
"35.041",,,,,,"1.31",,
"35.044",,,,,,,"214",
"35.048",,,,"556",,,,
"35.051",,,,,"589",,,
"35.055","542",,,,,,,
"35.059",,"548",,,,,,
"35.062",,,"23.52",,,,,
"35.065",,,,,,"1.36",,
"35.068",,,,,,,"214",
"35.073",,,,"556",,,,
"35.076",,,,,"578",,,
"35.08","531",,,,,,,
"35.084",,"543",,,,,,
"35.086",,,"20.26",,,,,
"35.089",,,,,,"1.45",,
"35.092",,,,,,,"214",
"35.096",,,,"556",,,,
"35.099",,,,,"565",,,
"35.103","518",,,,,,,
"35.107",,"544",,,,,,
"35.11",,,"20.91",,,,,
"35.113",,,,,,"1.43",,
"35.117",,,,,,,"214",
"35.121",,,,"556",,,,
"35.124",,,,,"555",,,
"35.128","508",,,,,,,
"35.132",,"541",,,,,,
"35.134",,,"18.95",,,,,
"35.137",,,,,,"1.48",,
"35.14",,,,,,,"214",
"35.144",,,,"556",,,,
"35.148",,,,,"546",,,
"35.152","499",,,,,,,
"35.155",,"534",,,,,,
"35.159",,,"14.37",,,,,
"35.162",,,,,,"1.73",,
"35.165",,,,,,,"214",
"35.169",,,,"555",,,,
"35.172",,,,,"540",,,
"35.176","494",,,,,,,
"35.18",,"529",,,,,,
"35.182",,,"11.11",,,,,
"35.186",,,,,,"1.92",,
"35.189",,,,,,,"213",
"35.192",,,,"555",,,,
"35.196",,,,,"538",,,
"35.201","492",,,,,,,
"35.204",,"525",,,,,,
"35.207",,,"8.49",,,,,
"35.21",,,,,,"2.17",,
"35.213",,,,,,,"213",
"35.217",,,,"555",,,,
"35.22",,,,,"538",,,
"35.224","492",,,,,,,
"35.228",,"522",,,,,,
"35.231",,,"6.53",,,,,
"35.234",,,,,,"2.42",,
"35.237",,,,,,,"213",
"35.24",,,,"555",,,,
"35.245",,,,,"540",,,
"35.249","494",,,,,,,
"35.252",,"492",,,,,,
"35.255",,,"-13.07",,,,,
"35.258",,,,,,"-0.65",,
"35.261",,,,,,,"213",
"35.265",,,,"555",,,,
"35.268",,,,,"543",,,
"35.272","497",,,,,,,
"35.276",,"494",,,,,,
"35.279",,,"-11.76",,,,,
"35.282",,,,,,"-0.65",,
"35.286",,,,,,,"213",
"35.29",,,,"555",,,,
"35.293",,,,,"548",,,
"35.297","502",,,,,,,
"35.301",,"497",,,,,,
"35.303",,,"-9.8",,,,,
"35.307",,,,,,"-0.65",,
"35.31",,,,,,,"213",
"35.314",,,,"555",,,,
"35.317",,,,,"557",,,
"35.321","511",,,,,,,
"35.325",,"502",,,,,,
"35.328",,,"-6.53",,,,,
"35.331",,,,,,"-0.65",,
"35.334",,,,,,,"213",
"35.338",,,,"555",,,,
"35.342",,,,,"568",,,
"35.346","522",,,,,,,
"35.349",,"511",,,,,,
"35.352",,,"-0.65",,,,,
"35.355",,,,,,"-0.65",,
"35.358",,,,,,,"213",
"35.362",,,,"555",,,,
"35.365",,,,,"580",,,
"35.369","534",,,,,,,
"35.374",,"522",,,,,,
"35.376",,,"6.53",,,,,
"35.379",,,,,,"2.42",,
"35.382",,,,,,,"213",
"35.386",,,,"555",,,,
"35.39",,,,,"594",,,
"35.394","548",,,,,,,
"35.397",,"534",,,,,,
"35.4",,,"14.37",,,,,
"35.403",,,,,,"1.73",,
"35.406",,,,,,,"213",
"35.41",,,,"555",,,,
"35.414",,,,,"609",,,
"35.418","563",,,,,,,
"35.422",,"521",,,,,,
"35.425",,,"5.88",,,,,
"35.428",,,,,,"2.5",,
"35.431",,,,,,,"212",
"35.434",,,,"555",,,,
"35.438",,,,,"620",,,
"35.442","574",,,,,,,
"35.445",,"521",,,,,,
"35.448",,,"5.88",,,,,
"35.451",,,,,,"2.5",,
"35.454",,,,,,,"212",
"35.459",,,,"555",,,,
"35.462",,,,,"623",,,
"35.466","577",,,,,,,
"35.47",,"527",,,,,,
"35.473",,,"9.8",,,,,
"35.476",,,,,,"2",,
"35.478",,,,,,,"212",
"35.482",,,,"555",,,,
"35.486",,,,,"622",,,
"35.49","576",,,,,,,
"35.493",,"533",,,,,,
"35.496",,,"13.72",,,,,
"35.5",,,,,,"1.77",,
"35.503",,,,,,,"212",
"35.507",,,,"555",,,,
"35.51",,,,,"618",,,
"35.514","572",,,,,,,
"35.518",,"576",,,,,,
"35.521",,,"41.82",,,,,
"35.524",,,,,,"0.97",,
"35.527",,,,,,,"212",
"35.531",,,,"555",,,,
"35.534",,,,,"614",,,
"35.538","568",,,,,,,
"35.543",,"572",,,,,,
"35.545",,,"39.2",,,,,
"35.548",,,,,,"0.99",,
"35.551",,,,,,,"212",
"35.555",,,,"555",,,,
"35.558",,,,,"613",,,
"35.562","567",,,,,,,
"35.566",,"568",,,,,,
"35.569",,,"36.59",,,,,
"35.572",,,,,,"1.02",,
"35.575",,,,,,,"212",
"35.579",,,,"555",,,,
"35.582",,,,,"612",,,
"35.587","566",,,,,,,
"35.591",,"567",,,,,,
"35.593",,,"35.94",,,,,
"35.596",,,,,,"1.03",,
"35.599",,,,,,,"212",
"35.603",,,,"555",,,,
"35.607",,,,,"610",,,
"35.611","564",,,,,,,
"35.614",,"566",,,,,,
"35.617",,,"35.28",,,,,
"35.62",,,,,,"1.05",,
"35.623",,,,,,,"212",
"35.628",,,,"555",,,,
"35.631",,,,,"609",,,
"35.635","563",,,,,,,
"35.639",,"564",,,,,,
"35.641",,,"33.98",,,,,
"35.645",,,,,,"1.09",,
"35.648",,,,,,,"212",
"35.651",,,,"554",,,,
"35.655",,,,,"608",,,
"35.659","563",,,,,,,
"35.662",,"563",,,,,,
"35.665",,,"33.32",,,,,
"35.668",,,,,,"1.1",,
"35.672",,,,,,,"211",
"35.676",,,,"554",,,,
"35.679",,,,,"605",,,
"35.683","560",,,,,,,
"35.687",,"563",,,,,,
"35.69",,,"33.32",,,,,
"35.693",,,,,,"1.1",,
"35.696",,,,,,,"211",
"35.7",,,,"554",,,,
"35.703",,,,,"604",,,
"35.707","559",,,,,,,
"35.712",,"560",,,,,,
"35.714",,,"31.36",,,,,
"35.717",,,,,,"1.16",,
"35.72",,,,,,,"211",
"35.724",,,,"554",,,,
"35.727",,,,,"603",,,
"35.731","558",,,,,,,
"35.735",,"559",,,,,,
"35.738",,,"30.71",,,,,
"35.741",,,,,,"1.17",,
"35.744",,,,,,,"211",
"35.748",,,,"554",,,,
"35.751",,,,,"602",,,
"35.756","557",,,,,,,
"35.76",,"558",,,,,,
"35.762",,,"30.06",,,,,
"35.765",,,,,,"1.19",,
"35.768",,,,,,,"211",
"35.772",,,,"554",,,,
"35.776",,,,,"602",,,
"35.78","557",,,,,,,
"35.783",,"557",,,,,,
"35.786",,,"29.4",,,,,
"35.789",,,,,,"1.21",,
"35.792",,,,,,,"211",
"35.796",,,,"554",,,,
"35.8",,,,,"601",,,
"35.804","556",,,,,,,
"35.808",,"557",,,,,,
"35.81",,,"29.4",,,,,
"35.814",,,,,,"1.21",,
"35.817",,,,,,,"211",
"35.82",,,,"554",,,,
"35.824",,,,,"598",,,
"35.828","553",,,,,,,
"35.831",,"556",,,,,,
"35.834",,,"28.75",,,,,
"35.837",,,,,,"1.22",,
"35.841",,,,,,,"211",
"35.845",,,,"554",,,,
"35.848",,,,,"593",,,
"35.852","548",,,,,,,
"35.856",,"553",,,,,,
"35.859",,,"26.79",,,,,
"35.862",,,,,,"1.28",,
"35.865",,,,,,,"211",
"35.869",,,,"554",,,,
"35.872",,,,,"586",,,
"35.876","541",,,,,,,
"35.88",,"562",,,,,,
"35.883",,,"32.67",,,,,
"35.886",,,,,,"1.12",,
"35.889",,,,,,,"211",
"35.893",,,,"553",,,,
"35.896",,,,,"575",,,
"35.9","531",,,,,,,
"35.904",,"562",,,,,,
"35.907",,,"32.67",,,,,
"35.91",,,,,,"1.12",,
"35.913",,,,,,,"210",
"35.917",,,,"553",,,,
"35.92",,,,,"564",,,
"35.924","520",,,,,,,
"35.929",,"559",,,,,,
"35.931",,,"30.71",,,,,
"35.934",,,,,,"1.17",,
"35.937",,,,,,,"210",
"35.941",,,,"553",,,,
"35.945",,,,,"553",,,
"35.949","509",,,,,,,
"35.952",,"554",,,,,,
"35.955",,,"27.44",,,,,
"35.958",,,,,,"1.26",,
"35.961",,,,,,,"210",
"35.965",,,,"553",,,,
"35.969",,,,,"544",,,
"35.973","500",,,,,,,
"35.977",,"548",,,,,,
"35.979",,,"23.52",,,,,
"35.983",,,,,,"1.36",,
"35.986",,,,,,,"210",
"35.989",,,,"553",,,,
"35.993",,,,,"538",,,
"35.997","494",,,,,,,
"36",,"540",,,,,,
"36.003",,,"18.3",,,,,
"36.006",,,,,,"1.5",,
"36.009",,,,,,,"210",
"36.014",,,,"553",,,,
"36.017",,,,,"535",,,
"36.021","491",,,,,,,
"36.025",,"534",,,,,,
"36.028",,,"14.37",,,,,
"36.031",,,,,,"1.73",,
"36.034",,,,,,,"210",
"36.038",,,,"553",,,,
"36.041",,,,,"534",,,
"36.045","490",,,,,,,
"36.049",,"530",,,,,,
"36.051",,,"11.76",,,,,
"36.055",,,,,,"1.88",,
"36.058",,,,,,,"210",
"36.062",,,,"553",,,,
"36.065",,,,,"533",,,
"36.069","489",,,,,,,
"36.073",,"528",,,,,,
"36.076",,,"10.45",,,,,
"36.079",,,,,,"1.96",,
"36.082",,,,,,,"210",
"36.086",,,,"553",,,,
"36.089",,,,,"533",,,
"36.093","489",,,,,,,
"36.098",,"527",,,,,,
"36.1",,,"9.8",,,,,
"36.103",,,,,,"2",,
"36.106",,,,,,,"210",
"36.11",,,,"553",,,,
"36.114",,,,,"534",,,
"36.118","490",,,,,,,
"36.121",,"489",,,,,,
"36.124",,,"-15.03",,,,,
"36.127",,,,,,"-0.65",,
"36.13",,,,,,,"210",
"36.134",,,,"553",,,,
"36.137",,,,,"535",,,
"36.142","491",,,,,,,
"36.146",,"490",,,,,,
"36.149",,,"-14.37",,,,,
"36.152",,,,,,"-0.65",,
"36.155",,,,,,,"209",
"36.159",,,,"553",,,,
"36.162",,,,,"535",,,
"36.166","491",,,,,,,
"36.17",,"491",,,,,,
"36.172",,,"-13.72",,,,,
"36.175",,,,,,"-0.65",,
"36.179",,,,,,,"209",
"36.183",,,,"553",,,,
"36.187",,,,,"535",,,
"36.191","491",,,,,,,
"36.195",,"491",,,,,,
"36.197",,,"-13.72",,,,,
"36.2",,,,,,"-0.65",,
"36.203",,,,,,,"209",
"36.207",,,,"553",,,,
"36.211",,,,,"535",,,
"36.215","491",,,,,,,
"36.218",,"491",,,,,,
"36.221",,,"-13.72",,,,,
"36.225",,,,,,"-0.65",,
"36.228",,,,,,,"209",
"36.232",,,,"553",,,,
"36.235",,,,,"535",,,
"36.239","491",,,,,,,
"36.243",,"491",,,,,,
"36.246",,,"-13.72",,,,,
"36.249",,,,,,"-0.65",,
"36.252",,,,,,,"209",
"36.256",,,,"553",,,,
"36.259",,,,,"534",,,
"36.263","490",,,,,,,
"36.268",,"491",,,,,,
"36.27",,,"-13.72",,,,,
"36.273",,,,,,"-0.65",,
"36.277",,,,,,,"209",
"36.28",,,,"553",,,,
"36.284",,,,,"534",,,
"36.288","490",,,,,,,
"36.291",,"490",,,,,,
"36.294",,,"-14.37",,,,,
"36.297",,,,,,"-0.65",,
"36.3",,,,,,,"209",
"36.304",,,,"553",,,,
"36.307",,,,,"534",,,
"36.312","490",,,,,,,
"36.316",,"490",,,,,,
"36.319",,,"-14.37",,,,,
"36.322",,,,,,"-0.65",,
"36.325",,,,,,,"209",
"36.329",,,,"553",,,,
"36.332",,,,,"534",,,
"36.336","490",,,,,,,
"36.34",,"490",,,,,,
"36.343",,,"-14.37",,,,,
"36.346",,,,,,"-0.65",,
"36.349",,,,,,,"209",
"36.354",,,,"553",,,,
"36.357",,,,,"534",,,
"36.361","490",,,,,,,
"36.365",,"490",,,,,,
"36.367",,,"-14.37",,,,,
"36.37",,,,,,"-0.65",,
"36.373",,,,,,,"209",
"36.377",,,,"552",,,,
"36.381",,,,,"533",,,
"36.385","490",,,,,,,
"36.388",,"490",,,,,,
"36.391",,,"-14.37",,,,,
"36.395",,,,,,"-0.65",,
"36.398",,,,,,,"208",
"36.402",,,,"552",,,,
"36.405",,,,,"533",,,
"36.409","490",,,,,,,
"36.413",,"490",,,,,,
"36.416",,,"-14.37",,,,,
"36.419",,,,,,"-0.65",,
"36.422",,,,,,,"208",
"36.426",,,,"552",,,,
"36.429",,,,,"533",,,
"36.433","490",,,,,,,
"36.438",,"490",,,,,,
"36.44",,,"-14.37",,,,,
"36.444",,,,,,"-0.65",,
"36.447",,,,,,,"208",
"36.451",,,,"552",,,,
"36.454",,,,,"532",,,
"36.458","489",,,,,,,
"36.462",,"490",,,,,,
"36.464",,,"-14.37",,,,,
"36.467",,,,,,"-0.65",,
"36.47",,,,,,,"208",
"36.474",,,,"552",,,,
"36.478",,,,,"532",,,
"36.483","489",,,,,,,
"36.486",,"489",,,,,,
"36.489",,,"-15.03",,,,,
"36.492",,,,,,"-0.65",,
"36.495",,,,,,,"208",
"36.499",,,,"552",,,,
"36.502",,,,,"532",,,
"36.506","489",,,,,,,
"36.51",,"489",,,,,,
"36.513",,,"-15.03",,,,,
"36.516",,,,,,"-0.65",,
"36.519",,,,,,,"208",
"36.524",,,,"552",,,,
"36.527",,,,,"532",,,
"36.531","489",,,,,,,
"36.535",,"489",,,,,,
"36.537",,,"-15.03",,,,,
"36.541",,,,,,"-0.65",,
"36.544",,,,,,,"208",
"36.548",,,,"552",,,,
"36.551",,,,,"532",,,
"36.555","489",,,,,,,
"36.559",,"489",,,,,,
"36.561",,,"-15.03",,,,,
"36.564",,,,,,"-0.65",,
"36.568",,,,,,,"208",
"36.572",,,,"552",,,,
"36.576",,,,,"533",,,
"36.58","490",,,,,,,
"36.583",,"489",,,,,,
"36.586",,,"-15.03",,,,,
"36.589",,,,,,"-0.65",,
"36.592",,,,,,,"208",
"36.596",,,,"552",,,,
"36.599",,,,,"533",,,
"36.603","490",,,,,,,
"36.608",,"490",,,,,,
"36.611",,,"-14.37",,,,,
"36.614",,,,,,"-0.65",,
"36.617",,,,,,,"208",
"36.621",,,,"552",,,,
"36.624",,,,,"534",,,
"36.628","491",,,,,,,
"36.632",,"490",,,,,,
"36.634",,,"-14.37",,,,,
"36.638",,,,,,"-0.65",,
"36.641",,,,,,,"207",
"36.645",,,,"552",,,,
"36.648",,,,,"534",,,
"36.653","491",,,,,,,
"36.657",,"491",,,,,,
"36.659",,,"-13.72",,,,,
"36.662",,,,,,"-0.65",,
"36.665",,,,,,,"207",
"36.669",,,,"552",,,,
"36.673",,,,,"535",,,
"36.677","492",,,,,,,
"36.68",,"490",,,,,,
"36.683",,,"-14.37",,,,,
"36.686",,,,,,"-0.65",,
"36.689",,,,,,,"207",
"36.694",,,,"552",,,,
"36.697",,,,,"535",,,
"36.701","492",,,,,,,
"36.705",,"490",,,,,,
"36.708",,,"-14.37",,,,,
"36.711",,,,,,"-0.65",,
"36.714",,,,,,,"207",
"36.718",,,,"552",,,,
"36.721",,,,,"536",,,
"36.725","493",,,,,,,
"36.729",,"490",,,,,,
"36.731",,,"-14.37",,,,,
"36.736",,,,,,"-0.65",,
"36.739",,,,,,,"207",
"36.742",,,,"552",,,,
"36.746",,,,,"538",,,
"36.75","495",,,,,,,
"36.754",,"490",,,,,,
"36.756",,,"-14.37",,,,,
"36.759",,,,,,"-0.65",,
"36.762",,,,,,,"207",
"36.766",,,,"552",,,,
"36.77",,,,,"540",,,
"36.774","497",,,,,,,
"36.777",,"491",,,,,,
"36.781",,,"-13.72",,,,,
"36.784",,,,,,"-0.65",,
"36.787",,,,,,,"207",
"36.791",,,,"552",,,,
"36.794",,,,,"543",,,
"36.798","500",,,,,,,
"36.802",,"492",,,,,,
"36.805",,,"-13.07",,,,,
"36.808",,,,,,"-0.65",,
"36.811",,,,,,,"207",
"36.815",,,,"552",,,,
"36.818",,,,,"548",,,
"36.823","505",,,,,,,
"36.827",,"493",,,,,,
"36.829",,,"-12.41",,,,,
"36.832",,,,,,"-0.65",,
"36.836",,,,,,,"207",
"36.839",,,,"552",,,,
"36.843",,,,,"552",,,
"36.847","509",,,,,,,
"36.85",,"494",,,,,,
"36.853",,,"-11.76",,,,,
"36.856",,,,,,"-0.65",,
"36.859",,,,,,,"207",
"36.864",,,,"551",,,,
"36.868",,,,,"556",,,
"36.871","514",,,,,,,
"36.875",,"497",,,,,,
"36.878",,,"-9.8",,,,,
"36.881",,,,,,"-0.65",,
"36.884",,,,,,,"206",
"36.888",,,,"551",,,,
"36.891",,,,,"561",,,
"36.895","519",,,,,,,
"36.899",,"499",,,,,,
"36.901",,,"-8.49",,,,,
"36.905",,,,,,"-0.65",,
"36.909",,,,,,,"206",
"36.913",,,,"551",,,,
"36.916",,,,,"566",,,
"36.92","524",,,,,,,
"36.924",,"501",,,,,,
"36.926",,,"-7.19",,,,,
"36.929",,,,,,"-0.65",,
"36.932",,,,,,,"206",
"36.936",,,,"551",,,,
"36.939",,,,,"570",,,
"36.943","528",,,,,,,
"36.947",,"504",,,,,,
"36.951",,,"-5.23",,,,,
"36.954",,,,,,"-0.65",,
"36.957",,,,,,,"206",
"36.961",,,,"551",,,,
"36.964",,,,,"574",,,
"36.968","532",,,,,,,
"36.972",,"506",,,,,,
"36.974",,,"-3.92",,,,,
"36.978",,,,,,"-0.65",,
"36.981",,,,,,,"206",
"36.984",,,,"551",,,,
"36.988",,,,,"576",,,
"36.993","534",,,,,,,
"36.997",,"508",,,,,,
"36.999",,,"-2.61",,,,,
"37.002",,,,,,"-0.65",,
"37.005",,,,,,,"206",
"37.009",,,,"551",,,,
"37.012",,,,,"579",,,
"37.016","537",,,,,,,
"37.02",,"510",,,,,,
"37.023",,,"-1.31",,,,,
"37.026",,,,,,"-0.65",,
"37.029",,,,,,,"206",
"37.033",,,,"551",,,,
"37.037",,,,,"580",,,
"37.041","538",,,,,,,
"37.045",,"511",,,,,,
"37.047",,,"-0.65",,,,,
"37.05",,,,,,"-0.65",,
"37.054",,,,,,,"206",
"37.057",,,,"551",,,,
"37.061",,,,,"582",,,
"37.065","540",,,,,,,
"37.068",,"513",,,,,,
"37.071",,,"0.65",,,,,
"37.074",,,,,,"3.75",,
"37.078",,,,,,,"206",
"37.082",,,,"551",,,,
"37.085",,,,,"583",,,
"37.089","541",,,,,,,
"37.093",,"514",,,,,,
"37.096",,,"1.31",,,,,
"37.099",,,,,,"3.5",,
"37.102",,,,,,,"206",
"37.105",,,,"551",,,,
"37.109",,,,,"584",,,
"37.113","542",,,,,,,
"37.116",,"515",,,,,,
"37.12",,,"1.96",,,,,
"37.123",,,,,,"3.33",,
"37.126",,,,,,,"205",
"37.13",,,,"551",,,,
"37.133",,,,,"586",,,
"37.137","544",,,,,,,
"37.141",,"516",,,,,,
"37.144",,,"2.61",,,,,
"37.147",,,,,,"3.17",,
"37.15",,,,,,,"205",
"37.153",,,,"551",,,,
"37.157",,,,,"587",,,
"37.161","545",,,,,,,
"37.165",,"517",,,,,,
"37.168",,,"3.27",,,,,
"37.171",,,,,,"3",,
"37.174",,,,,,,"205",
"37.178",,,,"551",,,,
"37.181",,,,,"589",,,
"37.185","547",,,,,,,
"37.189",,"518",,,,,,
"37.192",,,"3.92",,,,,
"37.195",,,,,,"2.88",,
"37.197",,,,,,,"205",
"37.201",,,,"551",,,,
"37.206",,,,,"591",,,
"37.21","549",,,,,,,
"37.213",,"519",,,,,,
"37.216",,,"4.57",,,,,
"37.219",,,,,,"2.75",,
"37.222",,,,,,,"205",
"37.226",,,,"551",,,,
"37.229",,,,,"593",,,
"37.233","551",,,,,,,
"37.237",,"521",,,,,,
"37.239",,,"5.88",,,,,
"37.242",,,,,,"2.5",,
"37.245",,,,,,,"205",
"37.25",,,,"551",,,,
"37.254",,,,,"595",,,
"37.258","553",,,,,,,
"37.261",,"523",,,,,,
"37.264",,,"7.19",,,,,
"37.267",,,,,,"2.33",,
"37.27",,,,,,,"205",
"37.274",,,,"551",,,,
"37.277",,,,,"596",,,
"37.281","554",,,,,,,
"37.285",,"525",,,,,,
"37.287",,,"8.49",,,,,
"37.291",,,,,,"2.17",,
"37.294",,,,,,,"205",
"37.298",,,,"551",,,,
"37.302",,,,,"596",,,
"37.306","554",,,,,,,
"37.309",,"529",,,,,,
"37.312",,,"11.11",,,,,
"37.315",,,,,,"1.92",,
"37.318",,,,,,,"205",
"37.322",,,,"551",,,,
"37.325",,,,,"596",,,
"37.329","554",,,,,,,
"37.334",,"554",,,,,,
"37.337",,,"27.44",,,,,
"37.34",,,,,,"1.26",,
"37.343",,,,,,,"205",
"37.347",,,,"550",,,,
"37.35",,,,,"595",,,
"37.354","554",,,,,,,
"37.358",,"554",,,,,,
"37.36",,,"27.44",,,,,
"37.363",,,,,,"1.26",,
"37.366",,,,,,,"204",
"37.37",,,,"550",,,,
"37.373",,,,,"593",,,
"37.378","552",,,,,,,
"37.382",,"554",,,,,,
"37.385",,,"27.44",,,,,
"37.388",,,,,,"1.26",,
"37.391",,,,,,,"204",
"37.395",,,,"550",,,,
"37.398",,,,,"593",,,
"37.402","552",,,,,,,
"37.406",,"552",,,,,,
"37.408",,,"26.14",,,,,
"37.411",,,,,,"1.29",,
"37.414",,,,,,,"204",
"37.419",,,,"550",,,,
"37.423",,,,,"592",,,
"37.427","551",,,,,,,
"37.43",,"552",,,,,,
"37.433",,,"26.14",,,,,
"37.436",,,,,,"1.29",,
"37.439",,,,,,,"204",
"37.443",,,,"550",,,,
"37.446",,,,,"592",,,
"37.45","551",,,,,,,
"37.454",,"551",,,,,,
"37.456",,,"25.48",,,,,
"37.459",,,,,,"1.31",,
"37.463",,,,,,,"204",
"37.467",,,,"550",,,,
"37.471",,,,,"593",,,
"37.475","552",,,,,,,
"37.478",,"551",,,,,,
"37.481",,,"25.48",,,,,
"37.484",,,,,,"1.31",,
"37.487",,,,,,,"204",
"37.491",,,,"550",,,,
"37.494",,,,,"594",,,
"37.498","553",,,,,,,
"37.502",,"552",,,,,,
"37.506",,,"26.14",,,,,
"37.509",,,,,,"1.29",,
"37.512",,,,,,,"204",
"37.516",,,,"550",,,,
"37.519",,,,,"593",,,
"37.523","552",,,,,,,
"37.527",,"553",,,,,,
"37.529",,,"26.79",,,,,
"37.532",,,,,,"1.28",,
"37.535",,,,,,,"204",
"37.539",,,,"550",,,,
"37.542",,,,,"592",,,
"37.547","551",,,,,,,
"37.551",,"552",,,,,,
"37.554",,,"26.14",,,,,
"37.557",,,,,,"1.29",,
"37.56",,,,,,,"204",
"37.564",,,,"550",,,,
"37.567",,,,,"591",,,
"37.571","550",,,,,,,
"37.575",,"551",,,,,,
"37.577",,,"25.48",,,,,
"37.58",,,,,,"1.31",,
"37.583",,,,,,,"204",
"37.587",,,,"549",,,,
"37.592",,,,,"590",,,
"37.596","550",,,,,,,
"37.599",,"550",,,,,,
"37.602",,,"24.83",,,,,
"37.605",,,,,,"1.33",,
"37.608",,,,,,,"203",
"37.612",,,,"549",,,,
"37.615",,,,,"587",,,
"37.619","547",,,,,,,
"37.623",,"550",,,,,,
"37.625",,,"24.83",,,,,
"37.629",,,,,,"1.33",,
"37.632",,,,,,,"203",
"37.636",,,,"549",,,,
"37.64",,,,,"584",,,
"37.644","544",,,,,,,
"37.647",,"549",,,,,,
"37.65",,,"24.18",,,,,
"37.653",,,,,,"1.34",,
"37.656",,,,,,,"203",
"37.66",,,,"549",,,,
"37.663",,,,,"577",,,
"37.667","537",,,,,,,
"37.671",,"550",,,,,,
"37.675",,,"24.83",,,,,
"37.678",,,,,,"1.33",,
"37.681",,,,,,,"203",
"37.685",,,,"549",,,,
"37.688",,,,,"567",,,
"37.692","527",,,,,,,
"37.696",,"549",,,,,,
"37.698",,,"24.18",,,,,
"37.701",,,,,,"1.34",,
"37.704",,,,,,,"203",
"37.708",,,,"549",,,,
"37.711",,,,,"557",,,
"37.715","517",,,,,,,
"37.72",,"545",,,,,,
"37.723",,,"21.56",,,,,
"37.726",,,,,,"1.41",,
"37.729",,,,,,,"203",
"37.733",,,,"549",,,,
"37.736",,,,,"548",,,
"37.74","508",,,,,,,
"37.744",,"540",,,,,,
"37.746",,,"18.3",,,,,
"37.749",,,,,,"1.5",,
"37.752",,,,,,,"203",
"37.756",,,,"549",,,,
"37.761",,,,,"543",,,
"37.765","503",,,,,,,
"37.768",,"535",,,,,,
"37.771",,,"15.03",,,,,
"37.774",,,,,,"1.69",,
"37.777",,,,,,,"203",
"37.781",,,,"549",,,,
"37.784",,,,,"540",,,
"37.788","500",,,,,,,
"37.792",,"531",,,,,,
"37.794",,,"12.41",,,,,
"37.798",,,,,,"1.85",,
"37.801",,,,,,,"203",
"37.805",,,,"549",,,,
"37.809",,,,,"539",,,
"37.813","499",,,,,,,
"37.816",,"528",,,,,,
"37.819",,,"10.45",,,,,
"37.822",,,,,,"1.96",,
"37.825",,,,,,,"203",
"37.829",,,,"549",,,,
"37.832",,,,,"541",,,
"37.836","501",,,,,,,
"37.84",,"499",,,,,,
"37.843",,,"-8.49",,,,,
"37.847",,,,,,"-0.65",,
"37.85",,,,,,,"202",
"37.854",,,,"549",,,,
"37.857",,,,,"546",,,
"37.861","506",,,,,,,
"37.865",,"501",,,,,,
"37.867",,,"-7.19",,,,,
"37.87",,,,,,"-0.65",,
"37.873",,,,,,,"202",
"37.877",,,,"549",,,,
"37.881",,,,,"554",,,
"37.885","514",,,,,,,
"37.889",,"506",,,,,,
"37.892",,,"-3.92",,,,,
"37.895",,,,,,"-0.65",,
"37.898",,,,,,,"202",
"37.902",,,,"549",,,,
"37.905",,,,,"563",,,
"37.909","523",,,,,,,
"37.913",,"514",,,,,,
"37.916",,,"1.31",,,,,
"37.919",,,,,,"3.5",,
"37.922",,,,,,,"202",
"37.925",,,,"549",,,,
"37.929",,,,,"573",,,
"37.934","533",,,,,,,
"37.937",,"523",,,,,,
"37.94",,,"7.19",,,,,
"37.943",,,,,,"2.33",,
"37.946",,,,,,,"202",
"37.95",,,,"549",,,,
"37.953",,,,,"582",,,
"37.957","542",,,,,,,
"37.961",,"533",,,,,,
"37.964",,,"13.72",,,,,
"37.967",,,,,,"1.77",,
"37.97",,,,,,,"202",
"37.975",,,,"549",,,,
"37.978",,,,,"590",,,
"37.982","550",,,,,,,
"37.986",,"542",,,,,,
"37.988",,,"19.6",,,,,
"37.991",,,,,,"1.47",,
"37.994",,,,,,,"202",
"37.998",,,,"549",,,,
"38.001",,,,,"594",,,
"38.005","554",,,,,,,
"38.009",,"525",,,,,,
"38.012",,,"8.49",,,,,
"38.016",,,,,,"2.17",,
"38.019",,,,,,,"202",
"38.023",,,,"549",,,,
"38.026",,,,,"594",,,
"38.03","554",,,,,,,
"38.034",,"525",,,,,,
"38.036",,,"8.49",,,,,
"38.039",,,,,,"2.17",,
"38.042",,,,,,,"202",
"38.046",,,,"549",,,,
"38.049",,,,,"592",,,
"38.053","552",,,,,,,
"38.057",,"554",,,,,,
"38.061",,,"27.44",,,,,
"38.064",,,,,,"1.26",,
"38.067",,,,,,,"202",
"38.071",,,,"548",,,,
"38.074",,,,,"589",,,
"38.078","550",,,,,,,
"38.082",,"552",,,,,,
"38.084",,,"26.14",,,,,
"38.087",,,,,,"1.29",,
"38.09",,,,,,,"201",
"38.094",,,,"548",,,,
"38.098",,,,,"586",,,
"38.103","547",,,,,,,
"38.106",,"550",,,,,,
"38.109",,,"24.83",,,,,
"38.112",,,,,,"1.33",,
"38.115",,,,,,,"201",
"38.119",,,,"548",,,,
"38.122",,,,,"583",,,
"38.126","544",,,,,,,
"38.13",,"547",,,,,,
"38.132",,,"22.87",,,,,
"38.135",,,,,,"1.38",,
"38.138",,,,,,,"201",
"38.142",,,,"548",,,,
"38.147",,,,,"580",,,
"38.151","541",,,,,,,
"38.154",,"544",,,,,,
"38.157",,,"20.91",,,,,
"38.16",,,,,,"1.43",,
"38.163",,,,,,,"201",
"38.167",,,,"548",,,,
"38.17",,,,,"578",,,
"38.174","539",,,,,,,
"38.178",,"541",,,,,,
"38.181",,,"18.95",,,,,
"38.184",,,,,,"1.48",,
"38.188",,,,,,,"201",
"38.192",,,,"548",,,,
"38.195",,,,,"575",,,
"38.199","536",,,,,,,
"38.203",,"539",,,,,,
"38.205",,,"17.64",,,,,
"38.208",,,,,,"1.54",,
"38.211",,,,,,,"201",
"38.215",,,,"548",,,,
"38.218",,,,,"570",,,
"38.222","531",,,,,,,
"38.226",,"536",,,,,,
"38.23",,,"15.68",,,,,
"38.233",,,,,,"1.65",,
"38.236",,,,,,,"201",
"38.24",,,,"548",,,,
"38.243",,,,,"567",,,
"38.247","528",,,,,,,
"38.251",,"531",,,,,,
"38.253",,,"12.41",,,,,
"38.256",,,,,,"1.85",,
"38.259",,,,,,,"201",
"38.263",,,,"548",,,,
"38.267",,,,,"564",,,
"38.272","525",,,,,,,
"38.275",,"528",,,,,,
"38.278",,,"10.45",,,,,
"38.281",,,,,,"1.96",,
"38.284",,,,,,,"201",
"38.288",,,,"548",,,,
"38.291",,,,,"560",,,
"38.295","521",,,,,,,
"38.299",,"525",,,,,,
"38.301",,,"8.49",,,,,
"38.304",,,,,,"2.17",,
"38.307",,,,,,,"201",
"38.311",,,,"548",,,,
"38.316",,,,,"558",,,
"38.32","519",,,,,,,
"38.323",,"521",,,,,,
"38.326",,,"5.88",,,,,
"38.329",,,,,,"2.5",,
"38.332",,,,,,,"200",
"38.336",,,,"548",,,,
"38.339",,,,,"557",,,
"38.343","518",,,,,,,
"38.347",,"519",,,,,,
"38.349",,,"4.57",,,,,
"38.352",,,,,,"2.75",,
"38.355",,,,,,,"200",
"38.36",,,,"548",,,,
"38.364",,,,,"556",,,
"38.368","517",,,,,,,
"38.371",,"518",,,,,,
"38.374",,,"3.92",,,,,
"38.377",,,,,,"2.88",,
"38.38",,,,,,,"200",
"38.384",,,,"548",,,,
"38.387",,,,,"559",,,
"38.391","520",,,,,,,
"38.395",,"517",,,,,,
"38.397",,,"3.27",,,,,
"38.401",,,,,,"3",,
"38.404",,,,,,,"200",
"38.408",,,,"548",,,,
"38.412",,,,,"564",,,
"38.416","525",,,,,,,
"38.419",,"520",,,,,,
"38.422",,,"5.23",,,,,
"38.425",,,,,,"2.63",,
"38.428",,,,,,,"200",
"38.432",,,,"548",,,,
"38.435",,,,,"571",,,
"38.439","532",,,,,,,
"38.444",,"525",,,,,,
"38.446",,,"8.49",,,,,
"38.449",,,,,,"2.17",,
"38.452",,,,,,,"200",
"38.456",,,,"548",,,,
"38.46",,,,,"578",,,
"38.464","539",,,,,,,
"38.467",,"532",,,,,,
"38.47",,,"13.07",,,,,
"38.473",,,,,,"1.81",,
"38.476",,,,,,,"200",
"38.48",,,,"548",,,,
"38.483",,,,,"587",,,
"38.488","548",,,,,,,
"38.492",,"539",,,,,,
"38.494",,,"17.64",,,,,
"38.498",,,,,,"1.54",,
"38.501",,,,,,,"200",
"38.504",,,,"548",,,,
"38.508",,,,,"593",,,
"38.512","554",,,,,,,
"38.515",,"548",,,,,,
"38.518",,,"23.52",,,,,
"38.521",,,,,,"1.36",,
"38.524",,,,,,,"200",
"38.529",,,,"548",,,,
"38.532",,,,,"596",,,
"38.536","557",,,,,,,
"38.54",,"534",,,,,,
"38.543",,,"14.37",,,,,
"38.546",,,,,,"1.73",,
"38.549",,,,,,,"200",
"38.553",,,,"547",,,,
"38.556",,,,,"596",,,
"38.56","558",,,,,,,
"38.564",,"535",,,,,,
"38.566",,,"15.03",,,,,
"38.569",,,,,,"1.69",,
"38.573",,,,,,,"199",
"38.577",,,,"547",,,,
"38.58",,,,,"593",,,
"38.584","555",,,,,,,
"38.588",,"558",,,,,,
"38.591",,,"30.06",,,,,
"38.594",,,,,,"1.19",,
"38.597",,,,,,,"199",
"38.601",,,,"547",,,,
"38.604",,,,,"588",,,
"38.608","550",,,,,,,
"38.612",,"555",,,,,,
"38.615",,,"28.1",,,,,
"38.618",,,,,,"1.24",,
"38.621",,,,,,,"199",
"38.625",,,,"547",,,,
"38.629",,,,,"581",,,
"38.633","543",,,,,,,
"38.636",,"550",,,,,,
"38.639",,,"24.83",,,,,
"38.642",,,,,,"1.33",,
"38.645",,,,,,,"199",
"38.649",,,,"547",,,,
"38.652",,,,,"572",,,
"38.657","534",,,,,,,
"38.661",,"543",,,,,,
"38.663",,,"20.26",,,,,
"38.667",,,,,,"1.45",,
"38.67",,,,,,,"199",
"38.673",,,,"547",,,,
"38.677",,,,,"564",,,
"38.681","526",,,,,,,
"38.684",,"534",,,,,,
"38.687",,,"14.37",,,,,
"38.69",,,,,,"1.73",,
"38.693",,,,,,,"199",
"38.697",,,,"547",,,,
"38.701",,,,,"559",,,
"38.705","521",,,,,,,
"38.709",,"526",,,,,,
"38.712",,,"9.15",,,,,
"38.715",,,,,,"2.08",,
"38.718",,,,,,,"199",
"38.721",,,,"547",,,,
"38.725",,,,,"555",,,
"38.729","517",,,,,,,
"38.733",,"521",,,,,,
"38.735",,,"5.88",,,,,
"38.738",,,,,,"2.5",,
"38.742",,,,,,,"199",
"38.746",,,,"547",,,,
"38.749",,,,,"555",,,
"38.753","517",,,,,,,
"38.757",,"517",,,,,,
"38.76",,,"3.27",,,,,
"38.763",,,,,,"3",,
"38.766",,,,,,,"199",
"38.769",,,,"547",,,,
"38.773",,,,,"557",,,
"38.777","519",,,,,,,
"38.781",,"517",,,,,,
"38.784",,,"3.27",,,,,
"38.787",,,,,,"3",,
"38.79",,,,,,,"199",
"38.794",,,,"546",,,,
"38.797",,,,,"560",,,
"38.801","523",,,,,,,
"38.805",,"519",,,,,,
"38.808",,,"4.57",,,,,
"38.811",,,,,,"2.75",,
"38.814",,,,,,,"198",
"38.817",,,,"546",,,,
"38.821",,,,,"565",,,
"38.825","528",,,,,,,
"38.829",,"523",,,,,,
"38.832",,,"7.19",,,,,
"38.835",,,,,,"2.33",,
"38.838",,,,,,,"198",
"38.842",,,,"546",,,,
"38.845",,,,,"569",,,
"38.849","532",,,,,,,
"38.853",,"528",,,,,,
"38.856",,,"10.45",,,,,
"38.859",,,,,,"1.96",,
"38.862",,,,,,,"198",
"38.866",,,,"546",,,,
"38.87",,,,,"572",,,
"38.874","535",,,,,,,
"38.878",,"532",,,,,,
"38.88",,,"13.07",,,,,
"38.883",,,,,,"1.81",,
"38.886",,,,,,,"198",
"38.89",,,,"546",,,,
"38.893",,,,,"573",,,
"38.897","536",,,,,,,
"38.901",,"535",,,,,,
"38.904",,,"15.03",,,,,
"38.907",,,,,,"1.69",,
"38.91",,,,,,,"198",
"38.915",,,,"546",,,,
"38.918",,,,,"570",,,
"38.922","533",,,,,,,
"38.926",,"536",,,,,,
"38.928",,,"15.68",,,,,
"38.931",,,,,,"1.65",,
"38.934",,,,,,,"198",
"38.938",,,,"546",,,,
"38.942",,,,,"565",,,
"38.946","528",,,,,,,
"38.949",,"533",,,,,,
"38.952",,,"13.72",,,,,
"38.956",,,,,,"1.77",,
"38.959",,,,,,,"198",
"38.963",,,,"546",,,,
"38.966",,,,,"558",,,
"38.97","521",,,,,,,
"38.974",,"528",,,,,,
"38.976",,,"10.45",,,,,
"38.98",,,,,,"1.96",,
"38.982",,,,,,,"198",
"38.986",,,,"546",,,,
"38.99",,,,,"552",,,
"38.994","515",,,,,,,
"38.998",,"537",,,,,,
"39.001",,,"16.33",,,,,
"39.004",,,,,,"1.62",,
"39.007",,,,,,,"198",
"39.011",,,,"546",,,,
"39.014",,,,,"549",,,
"39.018","512",,,,,,,
"39.022",,"537",,,,,,
"39.025",,,"16.33",,,,,
"39.028",,,,,,"1.62",,
"39.031",,,,,,,"198",
"39.035",,,,"546",,,,
"39.038",,,,,"547",,,
"39.043","510",,,,,,,
"39.047",,"536",,,,,,
"39.049",,,"15.68",,,,,
"39.052",,,,,,"1.65",,
"39.055",,,,,,,"197",
"39.059",,,,"546",,,,
"39.062",,,,,"547",,,
"39.066","510",,,,,,,
"39.07",,"533",,,,,,
"39.073",,,"13.72",,,,,
"39.076",,,,,,"1.77",,
"39.079",,,,,,,"197",
"39.084",,,,"546",,,,
"39.087",,,,,"550",,,
"39.091","513",,,,,,,
"39.095",,"510",,,,,,
"39.097",,,"-1.31",,,,,
"39.1",,,,,,"-0.65",,
"39.103",,,,,,,"197",
"39.107",,,,"546",,,,
"39.111",,,,,"556",,,
"39.115","519",,,,,,,
"39.118",,"513",,,,,,
"39.121",,,"0.65",,,,,
"39.124",,,,,,"3.75",,
"39.128",,,,,,,"197",
"39.132",,,,"546",,,,
"39.135",,,,,"562",,,
"39.139","525",,,,,,,
"39.143",,"519",,,,,,
"39.145",,,"4.57",,,,,
"39.148",,,,,,"2.75",,
"39.151",,,,,,,"197",
"39.155",,,,"546",,,,
"39.159",,,,,"567",,,
"39.163","530",,,,,,,
"39.166",,"525",,,,,,
"39.17",,,"8.49",,,,,
"39.173",,,,,,"2.17",,
"39.176",,,,,,,"197",
"39.18",,,,"546",,,,
"39.183",,,,,"568",,,
"39.187","531",,,,,,,
"39.191",,"530",,,,,,
"39.193",,,"11.76",,,,,
"39.197",,,,,,"1.88",,
"39.199",,,,,,,"197",
"39.203",,,,"546",,,,
"39.207",,,,,"566",,,
"39.212","529",,,,,,,
"39.215",,"531",,,,,,
"39.218",,,"12.41",,,,,
"39.221",,,,,,"1.85",,
"39.224",,,,,,,"197",
"39.228",,,,"546",,,,
"39.231",,,,,"559",,,
"39.235","522",,,,,,,
"39.239",,"529",,,,,,
"39.242",,,"11.11",,,,,
"39.245",,,,,,"1.92",,
"39.248",,,,,,,"197",
"39.252",,,,"546",,,,
"39.256",,,,,"552",,,
"39.26","515",,,,,,,
"39.264",,"522",,,,,,
"39.266",,,"6.53",,,,,
"39.269",,,,,,"2.42",,
"39.272",,,,,,,"197",
"39.276",,,,"545",,,,
"39.279",,,,,"545",,,
"39.283","509",,,,,,,
"39.287",,"523",,,,,,
"39.29",,,"7.19",,,,,
"39.293",,,,,,"2.33",,
"39.297",,,,,,,"196",
"39.301",,,,"545",,,,
"39.304",,,,,"540",,,
"39.308","504",,,,,,,
"39.312",,"523",,,,,,
"39.314",,,"7.19",,,,,
"39.317",,,,,,"2.33",,
"39.32",,,,,,,"196",
"39.324",,,,"545",,,,
"39.327",,,,,"538",,,
"39.331","502",,,,,,,
"39.335",,"522",,,,,,
"39.339",,,"6.53",,,,,
"39.342",,,,,,"2.42",,
"39.345",,,,,,,"196",
"39.349",,,,"545",,,,
"39.352",,,,,"540",,,
"39.356","504",,,,,,,
"39.36",,"502",,,,,,
"39.362",,,"-6.53",,,,,
"39.365",,,,,,"-0.65",,
"39.368",,,,,,,"196",
"39.372",,,,"545",,,,
"39.375",,,,,"544",,,
"39.379","508",,,,,,,
"39.384",,"504",,,,,,
"39.387",,,"-5.23",,,,,
"39.39",,,,,,"-0.65",,
"39.393",,,,,,,"196",
"39.397",,,,"545",,,,
"39.4",,,,,"551",,,
"39.404","515",,,,,,,
"39.408",,"508",,,,,,
"39.41",,,"-2.61",,,,,
"39.414",,,,,,"-0.65",,
"39.417",,,,,,,"196",
"39.42",,,,"545",,,,
"39.425",,,,,"560",,,
"39.429","524",,,,,,,
"39.433",,"515",,,,,,
"39.435",,,"1.96",,,,,
"39.438",,,,,,"3.33",,
"39.441",,,,,,,"196",
"39.445",,,,"545",,,,
"39.448",,,,,"568",,,
"39.452","532",,,,,,,
"39.456",,"516",,,,,,
"39.459",,,"2.61",,,,,
"39.462",,,,,,"3.17",,
"39.465",,,,,,,"196",
"39.469",,,,"545",,,,
"39.473",,,,,"573",,,
"39.477","537",,,,,,,
"39.481",,"516",,,,,,
"39.483",,,"2.61",,,,,
"39.486",,,,,,"3.17",,
"39.489",,,,,,,"196",
"39.493",,,,"545",,,,
"39.496",,,,,"576",,,
"39.5","540",,,,,,,
"39.504",,"517",,,,,,
"39.507",,,"3.27",,,,,
"39.511",,,,,,"3",,
"39.514",,,,,,,"196",
"39.517",,,,"545",,,,
"39.521",,,,,"574",,,
"39.525","538",,,,,,,
"39.528",,"519",,,,,,
"39.531",,,"4.57",,,,,
"39.534",,,,,,"2.75",,
"39.537",,,,,,,"195",
"39.541",,,,"545",,,,
"39.544",,,,,"571",,,
"39.548","535",,,,,,,
"39.553",,"538",,,,,,
"39.556",,,"16.99",,,,,
"39.559",,,,,,"1.58",,
"39.562",,,,,,,"195",
"39.566",,,,"545",,,,
"39.569",,,,,"567",,,
"39.573","531",,,,,,,
"39.577",,"535",,,,,,
"39.579",,,"15.03",,,,,
"39.582",,,,,,"1.69",,
"39.585",,,,,,,"195",
"39.589",,,,"545",,,,
"39.592",,,,,"564",,,
"39.597","528",,,,,,,
"39.601",,"531",,,,,,
"39.604",,,"12.41",,,,,
"39.607",,,,,,"1.85",,
"39.61",,,,,,,"195",
"39.614",,,,"545",,,,
"39.617",,,,,"561",,,
"39.621","525",,,,,,,
"39.625",,"528",,,,,,
"39.627",,,"10.45",,,,,
"39.63",,,,,,"1.96",,
"39.633",,,,,,,"195",
"39.638",,,,"545",,,,
"39.642",,,,,"559",,,
"39.646","523",,,,,,,
"39.649",,"525",,,,,,
"39.652",,,"8.49",,,,,
"39.655",,,,,,"2.17",,
"39.658",,,,,,,"195",
"39.662",,,,"545",,,,
"39.665",,,,,"557",,,
"39.669","521",,,,,,,
"39.673",,"523",,,,,,
"39.675",,,"7.19",,,,,
"39.678",,,,,,"2.33",,
"39.682",,,,,,,"195",
"39.686",,,,"545",,,,
"39.69",,,,,"556",,,
"39.694","520",,,,,,,
"39.697",,"521",,,,,,
"39.7",,,"5.88",,,,,
"39.703",,,,,,"2.5",,
"39.706",,,,,,,"195",
"39.71",,,,"545",,,,
"39.713",,,,,"556",,,
"39.717","520",,,,,,,
"39.721",,"520",,,,,,
"39.724",,,"5.23",,,,,
"39.727",,,,,,"2.63",,
"39.73",,,,,,,"195",
"39.734",,,,"545",,,,
"39.738",,,,,"556",,,
"39.742","520",,,,,,,
"39.745",,"520",,,,,,
"39.748",,,"5.23",,,,,
"39.751",,,,,,"2.63",,
"39.754",,,,,,,"195",
"39.758",,,,"544",,,,
"39.761",,,,,"557",,,
"39.766","522",,,,,,,
"39.77",,"520",,,,,,
"39.772",,,"5.23",,,,,
"39.775",,,,,,"2.63",,
"39.778",,,,,,,"194",
"39.782",,,,"544",,,,
"39.785",,,,,"558",,,
"39.789","523",,,,,,,
"39.793",,"522",,,,,,
"39.796",,,"6.53",,,,,
"39.799",,,,,,"2.42",,
"39.802",,,,,,,"194",
"39.806",,,,"544",,,,
"39.81",,,,,"558",,,
"39.814","523",,,,,,,
"39.818",,"523",,,,,,
"39.82",,,"7.19",,,,,
"39.823",,,,,,"2.33",,
"39.826",,,,,,,"194",
"39.83",,,,"544",,,,
"39.833",,,,,"557",,,
"39.837","522",,,,,,,
"39.841",,"523",,,,,,
"39.844",,,"7.19",,,,,
"39.847",,,,,,"2.33",,
"39.851",,,,,,,"194",
"39.855",,,,"544",,,,
"39.858",,,,,"557",,,
"39.862","522",,,,,,,
"39.866",,"522",,,,,,
"39.868",,,"6.53",,,,,
"39.871",,,,,,"2.42",,
"39.874",,,,,,,"194",
"39.878",,,,"544",,,,
"39.881",,,,,"557",,,
"39.885","522",,,,,,,
"39.889",,"522",,,,,,
"39.892",,,"6.53",,,,,
"39.896",,,,,,"2.42",,
"39.899",,,,,,,"194",
"39.903",,,,"544",,,,
"39.906",,,,,"556",,,
"39.91","521",,,,,,,
"39.914",,"522",,,,,,
"39.916",,,"6.53",,,,,
"39.919",,,,,,"2.42",,
"39.922",,,,,,,"194",
"39.926",,,,"544",,,,
"39.929",,,,,"557",,,
"39.933","522",,,,,,,
"39.938",,"521",,,,,,
"39.941",,,"5.88",,,,,
"39.944",,,,,,"2.5",,
"39.947",,,,,,,"194",
"39.951",,,,"544",,,,
"39.954",,,,,"557",,,
"39.958","522",,,,,,,
"39.962",,"522",,,,,,
"39.964",,,"6.53",,,,,
"39.967",,,,,,"2.42",,
"39.97",,,,,,,"194",
"39.974",,,,"544",,,,
"39.977",,,,,"558",,,
"39.982","523",,,,,,,
"39.986",,"522",,,,,,
"39.989",,,"6.53",,,,,
"39.992",,,,,,"2.42",,
"39.995",,,,,,,"194",
"39.999",,,,"544",,,,
"40.002",,,,,"559",,,
"40.006","524",,,,,,,
"40.01",,"523",,,,,,
"40.012",,,"7.19",,,,,
"40.015",,,,,,"2.33",,
"40.018",,,,,,,"193",
"40.023",,,,"544",,,,
"40.026",,,,,"560",,,
"40.03","525",,,,,,,
"40.034",,"524",,,,,,
"40.037",,,"7.84",,,,,
"40.04",,,,,,"2.25",,
"40.043",,,,,,,"193",
"40.047",,,,"544",,,,
"40.05",,,,,"560",,,
"40.054","525",,,,,,,
"40.058",,"525",,,,,,
"40.06",,,"8.49",,,,,
"40.064",,,,,,"2.17",,
"40.067",,,,,,,"193",
"40.071",,,,"544",,,,
"40.074",,,,,"559",,,
"40.078","524",,,,,,,
"40.082",,"525",,,,,,
"40.085",,,"8.49",,,,,
"40.088",,,,,,"2.17",,
"40.091",,,,,,,"193",
"40.095",,,,"544",,,,
"40.098",,,,,"559",,,
"40.102","524",,,,,,,
"40.107",,"524",,,,,,
"40.109",,,"7.84",,,,,
"40.112",,,,,,"2.25",,
"40.115",,,,,,,"193",
"40.119",,,,"544",,,,
"40.122",,,,,"558",,,
"40.126","523",,,,,,,
"40.13",,"524",,,,,,
"40.133",,,"7.84",,,,,
"40.136",,,,,,"2.25",,
"40.139",,,,,,,"193",
"40.143",,,,"544",,,,
"40.146",,,,,"558",,,
"40.151","523",,,,,,,
"40.155",,"523",,,,,,
"40.157",,,"7.19",,,,,
"40.16",,,,,,"2.33",,
"40.163",,,,,,,"193",
"40.167",,,,"544",,,,
"40.17",,,,,"558",,,
"40.174","523",,,,,,,
"40.178",,"523",,,,,,
"40.181",,,"7.19",,,,,
"40.184",,,,,,"2.33",,
"40.187",,,,,,,"193",
"40.192",,,,"544",,,,
"40.195",,,,,"558",,,
"40.199","523",,,,,,,
"40.203",,"523",,,,,,
"40.205",,,"7.19",,,,,
"40.208",,,,,,"2.33",,
"40.211",,,,,,,"193",
"40.215",,,,"544",,,,
"40.218",,,,,"558",,,
"40.222","523",,,,,,,
"40.226",,"523",,,,,,
"40.229",,,"7.19",,,,,
"40.232",,,,,,"2.33",,
"40.236",,,,,,,"193",
"40.24",,,,"543",,,,
"40.243",,,,,"558",,,
"40.247","524",,,,,,,
"40.251",,"523",,,,,,
"40.253",,,"7.19",,,,,
"40.256",,,,,,"2.33",,
"40.259",,,,,,,"192",
"40.263",,,,"543",,,,
"40.266",,,,,"559",,,
"40.27","525",,,,,,,
"40.274",,"524",,,,,,
"40.278",,,"7.84",,,,,
"40.281",,,,,,"2.25",,
"40.284",,,,,,,"192",
"40.287",,,,"543",,,,
"40.291",,,,,"559",,,
"40.295","525",,,,,,,
"40.299",,"525",,,,,,
"40.301",,,"8.49",,,,,
"40.304",,,,,,"2.17",,
"40.307",,,,,,,"192",
"40.311",,,,"543",,,,
"40.314",,,,,"560",,,
"40.318","526",,,,,,,
"40.323",,"523",,,,,,
"40.326",,,"7.19",,,,,
"40.329",,,,,,"2.33",,
"40.332",,,,,,,"192",
"40.335",,,,"543",,,,
"40.339",,,,,"560",,,
"40.343","526",,,,,,,
"40.347",,"523",,,,,,
"40.349",,,"7.19",,,,,
"40.352",,,,,,"2.33",,
"40.355",,,,,,,"192",
"40.359",,,,"543",,,,
"40.363",,,,,"561",,,
"40.367","527",,,,,,,
"40.371",,"523",,,,,,
"40.374",,,"7.19",,,,,
"40.377",,,,,,"2.33",,
"40.38",,,,,,,"192",
"40.383",,,,"543",,,,
"40.387",,,,,"561",,,
"40.391","527",,,,,,,
"40.394",,"523",,,,,,
"40.397",,,"7.19",,,,,
"40.4",,,,,,"2.33",,
"40.403",,,,,,,"192",
"40.408",,,,"543",,,,
"40.411",,,,,"560",,,
"40.415","526",,,,,,,
"40.419",,"527",,,,,,
"40.422",,,"9.8",,,,,
"40.425",,,,,,"2",,
"40.428",,,,,,,"192",
"40.431",,,,"543",,,,
"40.435",,,,,"560",,,
"40.439","526",,,,,,,
"40.442",,"526",,,,,,
"40.445",,,"9.15",,,,,
"40.449",,,,,,"2.08",,
"40.452",,,,,,,"192",
"40.456",,,,"543",,,,
"40.459",,,,,"560",,,
"40.463","526",,,,,,,
"40.467",,"526",,,,,,
"40.47",,,"9.15",,,,,
"40.473",,,,,,"2.08",,
"40.476",,,,,,,"192",
"40.479",,,,"542",,,,
"40.483",,,,,"561",,,
"40.487","528",,,,,,,
"40.491",,"525",,,,,,
"40.494",,,"8.49",,,,,
"40.497",,,,,,"2.17",,
"40.5",,,,,,,"191",
"40.504",,,,"542",,,,
"40.507",,,,,"561",,,
"40.511","528",,,,,,,
"40.515",,"525",,,,,,
"40.518",,,"8.49",,,,,
"40.521",,,,,,"2.17",,
"40.524",,,,,,,"191",
"40.527",,,,"542",,,,
"40.531",,,,,"562",,,
"40.536","529",,,,,,,
"40.539",,"525",,,,,,
"40.542",,,"8.49",,,,,
"40.545",,,,,,"2.17",,
"40.548",,,,,,,"191",
"40.552",,,,"542",,,,
"40.555",,,,,"563",,,
"40.559","530",,,,,,,
"40.563",,"525",,,,,,
"40.566",,,"8.49",,,,,
"40.568",,,,,,"2.17",,
"40.571",,,,,,,"191",
"40.576",,,,"542",,,,
"40.58",,,,,"563",,,
"40.584","530",,,,,,,
"40.587",,"526",,,,,,
"40.59",,,"9.15",,,,,
"40.593",,,,,,"2.08",,
"40.596",,,,,,,"191",
"40.6",,,,"542",,,,
"40.603",,,,,"564",,,
"40.607","531",,,,,,,
"40.611",,"526",,,,,,
"40.613",,,"9.15",,,,,
"40.616",,,,,,"2.08",,
"40.62",,,,,,,"191",
"40.624",,,,"542",,,,
"40.628",,,,,"564",,,
"40.632","531",,,,,,,
"40.635",,"526",,,,,,
"40.638",,,"9.15",,,,,
"40.641",,,,,,"2.08",,
"40.644",,,,,,,"191",
"40.648",,,,"542",,,,
"40.651",,,,,"564",,,
"40.655","531",,,,,,,
"40.659",,"531",,,,,,
"40.662",,,"12.41",,,,,
"40.666",,,,,,"1.85",,
"40.669",,,,,,,"191",
"40.672",,,,"542",,,,
"40.676",,,,,"565",,,
"40.68","532",,,,,,,
"40.683",,"527",,,,,,
"40.686",,,"9.8",,,,,
"40.689",,,,,,"2",,
"40.692",,,,,,,"191",
"40.696",,,,"542",,,,
"40.699",,,,,"565",,,
"40.704","532",,,,,,,
"40.708",,"527",,,,,,
"40.711",,,"9.8",,,,,
"40.714",,,,,,"2",,
"40.717",,,,,,,"191",
"40.72",,,,"542",,,,
"40.724",,,,,"565",,,
"40.728","532",,,,,,,
"40.731",,"532",,,,,,
"40.734",,,"13.07",,,,,
"40.737",,,,,,"1.81",,
"40.74",,,,,,,"190",
"40.744",,,,"542",,,,
"40.748",,,,,"565",,,
"40.752","532",,,,,,,
"40.756",,"532",,,,,,
"40.759",,,"13.07",,,,,
"40.762",,,,,,"1.81",,
"40.765",,,,,,,"190",
"40.769",,,,"542",,,,
"40.772",,,,,"565",,,
"40.776","532",,,,,,,
"40.78",,"532",,,,,,
"40.782",,,"13.07",,,,,
"40.785",,,,,,"1.81",,
"40.788",,,,,,,"190",
"40.793",,,,"542",,,,
"40.796",,,,,"564",,,
"40.8","531",,,,,,,
"40.804",,"532",,,,,,
"40.807",,,"13.07",,,,,
"40.81",,,,,,"1.81",,
"40.813",,,,,,,"190",
"40.817",,,,"542",,,,
"40.82",,,,,"565",,,
"40.824","532",,,,,,,
"40.828",,"531",,,,,,
"40.83",,,"12.41",,,,,
"40.834",,,,,,"1.85",,
"40.837",,,,,,,"190",
"40.841",,,,"542",,,,
"40.845",,,,,"564",,,
"40.849","531",,,,,,,
"40.852",,"532",,,,,,
"40.855",,,"13.07",,,,,
"40.858",,,,,,"1.81",,
"40.861",,,,,,,"190",
"40.865",,,,"542",,,,
"40.868",,,,,"564",,,
"40.872","531",,,,,,,
"40.877",,"531",,,,,,
"40.879",,,"12.41",,,,,
"40.883",,,,,,"1.85",,
"40.886",,,,,,,"190",
"40.889",,,,"542",,,,
"40.893",,,,,"564",,,
"40.897","531",,,,,,,
"40.9",,"531",,,,,,
"40.903",,,"12.41",,,,,
"40.906",,,,,,"1.85",,
"40.909",,,,,,,"190",
"40.913",,,,"542",,,,
"40.916",,,,,"564",,,
"40.921","531",,,,,,,
"40.925",,"531",,,,,,
"40.928",,,"12.41",,,,,
"40.931",,,,,,"1.85",,
"40.934",,,,,,,"190",
"40.938",,,,"542",,,,
"40.941",,,,,"565",,,
"40.945","532",,,,,,,
"40.949",,"531",,,,,,
"40.951",,,"12.41",,,,,
"40.954",,,,,,"1.85",,
"40.957",,,,,,,"190",
"40.962",,,,"541",,,,
"40.965",,,,,"565",,,
"40.969","533",,,,,,,
"40.973",,"530",,,,,,
"40.976",,,"11.76",,,,,
"40.979",,,,,,"1.88",,
"40.982",,,,,,,"189",
"40.986",,,,"541",,,,
"40.989",,,,,"565",,,
"40.993","533",,,,,,,
"40.997",,"530",,,,,,
"40.999",,,"11.76",,,,,
"41.003",,,,,,"1.88",,
"41.006",,,,,,,"189",
"41.01",,,,"541",,,,
"41.014",,,,,"565",,,
"41.018","533",,,,,,,
"41.021",,"533",,,,,,
"41.024",,,"13.72",,,,,
"41.027",,,,,,"1.77",,
"41.03",,,,,,,"189",
"41.034",,,,"541",,,,
"41.037",,,,,"565",,,
"41.041","533",,,,,,,
"41.046",,"533",,,,,,
"41.048",,,"13.72",,,,,
"41.052",,,,,,"1.77",,
"41.055",,,,,,,"189",
"41.058",,,,"541",,,,
"41.062",,,,,"565",,,
"41.066","533",,,,,,,
"41.069",,"533",,,,,,
"41.072",,,"13.72",,,,,
"41.075",,,,,,"1.77",,
"41.078",,,,,,,"189",
"41.082",,,,"541",,,,
"41.085",,,,,"565",,,
"41.09","533",,,,,,,
"41.094",,"533",,,,,,
"41.097",,,"13.72",,,,,
"41.1",,,,,,"1.77",,
"41.103",,,,,,,"189",
"41.107",,,,"541",,,,
"41.11",,,,,"564",,,
"41.114","532",,,,,,,
"41.118",,"533",,,,,,
"41.12",,,"13.72",,,,,
"41.123",,,,,,"1.77",,
"41.126",,,,,,,"189",
"41.131",,,,"541",,,,
"41.135",,,,,"564",,,
"41.138","532",,,,,,,
"41.142",,"532",,,,,,
"41.145",,,"13.07",,,,,
"41.148",,,,,,"1.81",,
"41.151",,,,,,,"189",
"41.155",,,,"541",,,,
"41.158",,,,,"563",,,
"41.162","531",,,,,,,
"41.166",,"532",,,,,,
"41.168",,,"13.07",,,,,
"41.171",,,,,,"1.81",,
"41.175",,,,,,,"189",
"41.179",,,,"541",,,,
"41.183",,,,,"563",,,
"41.187","531",,,,,,,
"41.19",,"531",,,,,,
"41.193",,,"12.41",,,,,
"41.196",,,,,,"1.85",,
"41.199",,,,,,,"189",
"41.203",,,,"541",,,,
"41.206",,,,,"563",,,
"41.21","531",,,,,,,
"41.214",,"531",,,,,,
"41.218",,,"12.41",,,,,
"41.221",,,,,,"1.85",,
"41.224",,,,,,,"188",
"41.227",,,,"541",,,,
"41.231",,,,,"564",,,
"41.235","532",,,,,,,
"41.239",,"531",,,,,,
"41.241",,,"12.41",,,,,
"41.244",,,,,,"1.85",,
"41.247",,,,,,,"188",
"41.251",,,,"541",,,,
"41.254",,,,,"564",,,
"41.259","532",,,,,,,
"41.263",,"532",,,,,,
"41.266",,,"13.07",,,,,
"41.269",,,,,,"1.81",,
"41.272",,,,,,,"188",
"41.276",,,,"541",,,,
"41.279",,,,,"565",,,
"41.283","533",,,,,,,
"41.287",,"532",,,,,,
"41.289",,,"13.07",,,,,
"41.292",,,,,,"1.81",,
"41.295",,,,,,,"188",
"41.299",,,,"541",,,,
"41.304",,,,,"566",,,
"41.308","534",,,,,,,
"41.311",,"532",,,,,,
"41.314",,,"13.07",,,,,
"41.317",,,,,,"1.81",,
"41.32",,,,,,,"188",
"41.324",,,,"541",,,,
"41.327",,,,,"568",,,
"41.331","536",,,,,,,
"41.335",,"532",,,,,,
"41.337",,,"13.07",,,,,
"41.34",,,,,,"1.81",,
"41.344",,,,,,,"188",
"41.348",,,,"541",,,,
"41.352",,,,,"570",,,
"41.356","538",,,,,,,
"41.359",,"532",,,,,,
"41.362",,,"13.07",,,,,
"41.365",,,,,,"1.81",,
"41.368",,,,,,,"188",
"41.372",,,,"541",,,,
"41.375",,,,,"572",,,
"41.379","540",,,,,,,
"41.383",,"533",,,,,,
"41.387",,,"13.72",,,,,
"41.39",,,,,,"1.77",,
"41.393",,,,,,,"188",
"41.396",,,,"541",,,,
"41.4",,,,,"573",,,
"41.404","541",,,,,,,
"41.408",,"534",,,,,,
"41.41",,,"14.37",,,,,
"41.413",,,,,,"1.73",,
"41.416",,,,,,,"188",
"41.42",,,,"541",,,,
"41.423",,,,,"573",,,
"41.427","541",,,,,,,
"41.432",,"535",,,,,,
"41.435",,,"15.03",,,,,
"41.438",,,,,,"1.69",,
"41.441",,,,,,,"188",
"41.445",,,,"540",,,,
"41.448",,,,,"573",,,
"41.452","542",,,,,,,
"41.456",,"536",,,,,,
"41.458",,,"15.68",,,,,
"41.461",,,,,,"1.65",,
"41.464",,,,,,,"187",
"41.468",,,,"540",,,,
"41.473",,,,,"572",,,
"41.477","541",,,,,,,
"41.48",,"542",,,,,,
"41.483",,,"19.6",,,,,
"41.486",,,,,,"1.47",,
"41.489",,,,,,,"187",
"41.493",,,,"540",,,,
"41.496",,,,,"571",,,
"41.5","540",,,,,,,
"41.504",,"541",,,,,,
"41.506",,,"18.95",,,,,
"41.509",,,,,,"1.48",,
"41.512",,,,,,,"187",
"41.517",,,,"540",,,,
"41.521",,,,,"570",,,
"41.525","539",,,,,,,
"41.528",,"540",,,,,,
"41.531",,,"18.3",,,,,
"41.534",,,,,,"1.5",,
"41.537",,,,,,,"187",
"41.541",,,,"540",,,,
"41.544",,,,,"570",,,
"41.548","539",,,,,,,
"41.552",,"539",,,,,,
"41.555",,,"17.64",,,,,
"41.559",,,,,,"1.54",,
"41.562",,,,,,,"187",
"41.566",,,,"540",,,,
"41.569",,,,,"570",,,
"41.573","539",,,,,,,
"41.577",,"539",,,,,,
"41.579",,,"17.64",,,,,
"41.582",,,,,,"1.54",,
"41.585",,,,,,,"187",
"41.589",,,,"540",,,,
"41.592",,,,,"570",,,
"41.596","539",,,,,,,
"41.601",,"539",,,,,,
"41.604",,,"17.64",,,,,
"41.607",,,,,,"1.54",,
"41.61",,,,,,,"187",
"41.614",,,,"540",,,,
"41.617",,,,,"571",,,
"41.621","540",,,,,,,
"41.625",,"539",,,,,,
"41.627",,,"17.64",,,,,
"41.63",,,,,,"1.54",,
"41.633",,,,,,,"187",
"41.637",,,,"540",,,,
"41.641",,,,,"572",,,
"41.646","541",,,,,,,
"41.649",,"540",,,,,,
"41.652",,,"18.3",,,,,
"41.655",,,,,,"1.5",,
"41.658",,,,,,,"187",
"41.662",,,,"540",,,,
"41.665",,,,,"573",,,
"41.669","542",,,,,,,
"41.673",,"541",,,,,,
"41.675",,,"18.95",,,,,
"41.678",,,,,,"1.48",,
"41.681",,,,,,,"187",
"41.686",,,,"539",,,,
"41.69",,,,,"573",,,
"41.694","543",,,,,,,
"41.697",,"536",,,,,,
"41.7",,,"15.68",,,,,
"41.703",,,,,,"1.65",,
"41.706",,,,,,,"186",
"41.71",,,,"539",,,,
"41.713",,,,,"573",,,
"41.717","543",,,,,,,
"41.721",,"537",,,,,,
"41.724",,,"16.33",,,,,
"41.728",,,,,,"1.62",,
"41.731",,,,,,,"186",
"41.735",,,,"539",,,,
"41.738",,,,,"573",,,
"41.742","543",,,,,,,
"41.746",,"543",,,,,,
"41.748",,,"20.26",,,,,
"41.751",,,,,,"1.45",,
"41.754",,,,,,,"186",
"41.758",,,,"539",,,,
"41.761",,,,,"572",,,
"41.765","542",,,,,,,
"41.769",,"543",,,,,,
"41.773",,,"20.26",,,,,
"41.776",,,,,,"1.45",,
"41.779",,,,,,,"186",
"41.783",,,,"539",,,,
"41.786",,,,,"573",,,
"41.79","543",,,,,,,
"41.794",,"542",,,,,,
"41.796",,,"19.6",,,,,
"41.799",,,,,,"1.47",,
"41.802",,,,,,,"186",
"41.806",,,,"539",,,,
"41.81",,,,,"572",,,
"41.815","542",,,,,,,
"41.818",,"543",,,,,,
"41.821",,,"20.26",,,,,
"41.824",,,,,,"1.45",,
"41.827",,,,,,,"186",
"41.831",,,,"539",,,,
"41.834",,,,,"572",,,
"41.838","542",,,,,,,
"41.842",,"542",,,,,,
"41.844",,,"19.6",,,,,
"41.848",,,,,,"1.47",,
"41.851",,,,,,,"186",
"41.854",,,,"539",,,,
"41.859",,,,,"573",,,
"41.863","543",,,,,,,
"41.866",,"542",,,,,,
"41.869",,,"19.6",,,,,
"41.872",,,,,,"1.47",,
"41.875",,,,,,,"186",
"41.879",,,,"539",,,,
"41.882",,,,,"573",,,
"41.886","543",,,,,,,
"41.89",,"543",,,,,,
"41.893",,,"20.26",,,,,
"41.896",,,,,,"1.45",,
"41.9",,,,,,,"186",
"41.904",,,,"539",,,,
"41.907",,,,,"573",,,
"41.911","543",,,,,,,
"41.915",,"543",,,,,,
"41.917",,,"20.26",,,,,
"41.92",,,,,,"1.45",,
"41.923",,,,,,,"186",
"41.927",,,,"539",,,,
"41.93",,,,,"573",,,
"41.934","543",,,,,,,
"41.938",,"543",,,,,,
"41.942",,,"20.26",,,,,
"41.945",,,,,,"1.45",,
"41.948",,,,,,,"185",
"41.952",,,,"539",,,,
"41.955",,,,,"573",,,
"41.959","543",,,,,,,
"41.963",,"543",,,,,,
"41.965",,,"20.26",,,,,
"41.968",,,,,,"1.45",,
"41.971",,,,,,,"185",
"41.975",,,,"539",,,,
"41.979",,,,,"573",,,
"41.984","543",,,,,,,
"41.987",,"543",,,,,,
"41.99",,,"20.26",,,,,
"41.993",,,,,,"1.45",,
"41.996",,,,,,,"185",
"42",,,,"539",,,,
"42.003",,,,,"574",,,
"42.007","544",,,,,,,
"42.011",,"541",,,,,,
"42.013",,,"18.95",,,,,
"42.017",,,,,,"1.48",,
"42.02",,,,,,,"185",
"42.023",,,,"539",,,,
"42.028",,,,,"575",,,
"42.032","545",,,,,,,
"42.035",,"541",,,,,,
"42.038",,,"18.95",,,,,
"42.041",,,,,,"1.48",,
"42.044",,,,,,,"185",
"42.048",,,,"539",,,,
"42.051",,,,,"576",,,
"42.055","546",,,,,,,
"42.059",,"541",,,,,,
"42.062",,,"18.95",,,,,
"42.065",,,,,,"1.48",,
"42.068",,,,,,,"185",
"42.073",,,,"539",,,,
"42.076",,,,,"575",,,
"42.08","545",,,,,,,
"42.084",,"546",,,,,,
"42.086",,,"22.22",,,,,
"42.089",,,,,,"1.4",,
"42.092",,,,,,,"185",
"42.096",,,,"539",,,,
"42.099",,,,,"575",,,
"42.103","545",,,,,,,
"42.107",,"545",,,,,,
"42.11",,,"21.56",,,,,
"42.114",,,,,,"1.41",,
"42.117",,,,,,,"185",
"42.121",,,,"539",,,,
"42.124",,,,,"574",,,
"42.128","544",,,,,,,
"42.132",,"545",,,,,,
"42.134",,,"21.56",,,,,
"42.137",,,,,,"1.41",,
"42.14",,,,,,,"185",
"42.144",,,,"539",,,,
"42.148",,,,,"573",,,
"42.152","543",,,,,,,
"42.156",,"544",,,,,,
"42.159",,,"20.91",,,,,
"42.162",,,,,,"1.43",,
"42.165",,,,,,,"185",
"42.169",,,,"538",,,,
"42.172",,,,,"573",,,
"42.176","544",,,,,,,
"42.18",,"543",,,,,,
"42.182",,,"20.26",,,,,
"42.186",,,,,,"1.45",,
"42.189",,,,,,,"184",
"42.192",,,,"538",,,,
"42.196",,,,,"573",,,
"42.201","544",,,,,,,
"42.204",,"544",,,,,,
"42.207",,,"20.91",,,,,
"42.21",,,,,,"1.43",,
"42.213",,,,,,,"184",
"42.217",,,,"538",,,,
"42.22",,,,,"572",,,
"42.224","543",,,,,,,
"42.228",,"544",,,,,,
"42.231",,,"20.91",,,,,
"42.234",,,,,,"1.43",,
"42.237",,,,,,,"184",
"42.242",,,,"538",,,,
"42.245",,,,,"572",,,
"42.249","543",,,,,,,
"42.253",,"543",,,,,,
"42.255",,,"20.26",,,,,
"42.258",,,,,,"1.45",,
"42.261",,,,,,,"184",
"42.265",,,,"538",,,,
"42.268",,,,,"572",,,
"42.272","543",,,,,,,
"42.276",,"543",,,,,,
"42.279",,,"20.26",,,,,
"42.283",,,,,,"1.45",,
"42.286",,,,,,,"184",
"42.29",,,,"538",,,,
"42.293",,,,,"572",,,
"42.297","543",,,,,,,
"42.301",,"543",,,,,,
"42.303",,,"20.26",,,,,
"42.306",,,,,,"1.45",,
"42.309",,,,,,,"184",
"42.313",,,,"538",,,,
"42.317",,,,,"572",,,
"42.321","543",,,,,,,
"42.324",,"543",,,,,,
"42.328",,,"20.26",,,,,
"42.331",,,,,,"1.45",,
"42.334",,,,,,,"184",
"42.338",,,,"538",,,,
"42.341",,,,,"572",,,
"42.345","543",,,,,,,
"42.349",,"543",,,,,,
"42.352",,,"20.26",,,,,
"42.355",,,,,,"1.45",,
"42.358",,,,,,,"184",
"42.361",,,,"538",,,,
"42.365",,,,,"573",,,
"42.37","544",,,,,,,
"42.374",,"543",,,,,,
"42.376",,,"20.26",,,,,
"42.379",,,,,,"1.45",,
"42.382",,,,,,,"184",
"42.386",,,,"538",,,,
"42.389",,,,,"573",,,
"42.393","544",,,,,,,
"42.397",,"544",,,,,,
"42.4",,,"20.91",,,,,
"42.403",,,,,,"1.43",,
"42.406",,,,,,,"184",
"42.411",,,,"538",,,,
"42.414",,,,,"573",,,
"42.418","544",,,,,,,
"42.422",,"544",,,,,,
"42.424",,,"20.91",,,,,
"42.427",,,,,,"1.43",,
"42.43",,,,,,,"183",
"42.434",,,,"538",,,,
"42.438",,,,,"573",,,
"42.441","544",,,,,,,
"42.445",,"544",,,,,,
"42.448",,,"20.91",,,,,
"42.451",,,,,,"1.43",,
"42.455",,,,,,,"183",
"42.459",,,,"538",,,,
"42.462",,,,,"572",,,
"42.466","543",,,,,,,
"42.47",,"544",,,,,,
"42.472",,,"20.91",,,,,
"42.475",,,,,,"1.43",,
"42.478",,,,,,,"183",
"42.482",,,,"538",,,,
"42.486",,,,,"572",,,
"42.49","543",,,,,,,
"42.493",,"543",,,,,,
"42.497",,,"20.26",,,,,
"42.5",,,,,,"1.45",,
"42.503",,,,,,,"183",
"42.507",,,,"538",,,,
"42.51",,,,,"571",,,
"42.514","542",,,,,,,
"42.518",,"544",,,,,,
"42.521",,,"20.91",,,,,
"42.524",,,,,,"1.43",,
"42.527",,,,,,,"183",
"42.53",,,,"538",,,,
"42.534",,,,,"570",,,
"42.539","541",,,,,,,
"42.543",,"544",,,,,,
"42.545",,,"20.91",,,,,
"42.548",,,,,,"1.43",,
"42.551",,,,,,,"183",
"42.555",,,,"538",,,,
"42.558",,,,,"568",,,
"42.562","539",,,,,,,
"42.566",,"543",,,,,,
"42.569",,,"20.26",,,,,
"42.572",,,,,,"1.45",,
"42.575",,,,,,,"183",
"42.579",,,,"538",,,,
"42.583",,,,,"565",,,
"42.587","536",,,,,,,
"42.591",,"543",,,,,,
"42.593",,,"20.26",,,,,
"42.596",,,,,,"1.45",,
"42.599",,,,,,,"183",
"42.603",,,,"538",,,,
"42.607",,,,,"559",,,
"42.611","530",,,,,,,
"42.614",,"541",,,,,,
"42.617",,,"18.95",,,,,
"42.62",,,,,,"1.48",,
"42.624",,,,,,,"183",
"42.628",,,,"538",,,,
"42.631",,,,,"554",,,
"42.635","525",,,,,,,
"42.639",,"540",,,,,,
"42.641",,,"18.3",,,,,
"42.644",,,,,,"1.5",,
"42.647",,,,,,,"183",
"42.651",,,,"537",,,,
"42.655",,,,,"548",,,
"42.659","520",,,,,,,
"42.662",,"537",,,,,,
"42.665",,,"16.33",,,,,
"42.669",,,,,,"1.62",,
"42.672",,,,,,,"182",
"42.676",,,,"537",,,,
"42.679",,,,,"543",,,
"42.683","515",,,,,,,
"42.687",,"534",,,,,,
"42.69",,,"14.37",,,,,
"42.693",,,,,,"1.73",,
"42.696",,,,,,,"182",
"42.7",,,,"537",,,,
"42.703",,,,,"542",,,
"42.707","514",,,,,,,
"42.712",,"532",,,,,,
"42.714",,,"13.07",,,,,
"42.717",,,,,,"1.81",,
"42.72",,,,,,,"182",
"42.724",,,,"537",,,,
"42.727",,,,,"542",,,
"42.731","514",,,,,,,
"42.735",,"529",,,,,,
"42.738",,,"11.11",,,,,
"42.741",,,,,,"1.92",,
"42.744",,,,,,,"182",
"42.748",,,,"537",,,,
"42.752",,,,,"544",,,
"42.756","516",,,,,,,
"42.76",,"514",,,,,,
"42.762",,,"1.31",,,,,
"42.765",,,,,,"3.5",,
"42.768",,,,,,,"182",
"42.772",,,,"537",,,,
"42.775",,,,,"546",,,
"42.779","518",,,,,,,
"42.783",,"516",,,,,,
"42.786",,,"2.61",,,,,
"42.789",,,,,,"3.17",,
"42.792",,,,,,,"182",
"42.797",,,,"537",,,,
"42.8",,,,,"548",,,
"42.804","520",,,,,,,
"42.808",,"518",,,,,,
"42.81",,,"3.92",,,,,
"42.813",,,,,,"2.88",,
"42.816",,,,,,,"182",
"42.82",,,,"537",,,,
"42.823",,,,,"550",,,
"42.827","522",,,,,,,
"42.831",,"520",,,,,,
"42.834",,,"5.23",,,,,
"42.838",,,,,,"2.63",,
"42.841",,,,,,,"182",
"42.845",,,,"537",,,,
"42.848",,,,,"551",,,
"42.852","523",,,,,,,
"42.856",,"522",,,,,,
"42.858",,,"6.53",,,,,
"42.861",,,,,,"2.42",,
"42.864",,,,,,,"182",
"42.868",,,,"537",,,,
"42.871",,,,,"551",,,
"42.875","523",,,,,,,
"42.88",,"523",,,,,,
"42.883",,,"7.19",,,,,
"42.886",,,,,,"2.33",,
"42.889",,,,,,,"182",
"42.893",,,,"537",,,,
"42.896",,,,,"551",,,
"42.9","523",,,,,,,
"42.904",,"523",,,,,,
"42.906",,,"7.19",,,,,
"42.909",,,,,,"2.33",,
"42.912",,,,,,,"181",
"42.916",,,,"537",,,,
"42.919",,,,,"551",,,
"42.924","523",,,,,,,
"42.928",,"523",,,,,,
"42.931",,,"7.19",,,,,
"42.934",,,,,,"2.33",,
"42.937",,,,,,,"181",
"42.941",,,,"537",,,,
"42.944",,,,,"551",,,
"42.948","523",,,,,,,
"42.952",,"523",,,,,,
"42.954",,,"7.19",,,,,
"42.957",,,,,,"2.33",,
"42.96",,,,,,,"181",
"42.964",,,,"537",,,,
"42.968",,,,,"552",,,
"42.972","524",,,,,,,
"42.976",,"523",,,,,,
"42.979",,,"7.19",,,,,
"42.982",,,,,,"2.33",,
"42.985",,,,,,,"181",
"42.989",,,,"537",,,,
"42.992",,,,,"551",,,
"42.996","523",,,,,,,
"43",,"524",,,,,,
"43.002",,,"7.84",,,,,
"43.005",,,,,,"2.25",,
"43.009",,,,,,,"181",
"43.013",,,,"537",,,,
"43.016",,,,,"551",,,
"43.02","523",,,,,,,
"43.024",,"523",,,,,,
"43.027",,,"7.19",,,,,
"43.03",,,,,,"2.33",,
"43.033",,,,,,,"181",
"43.037",,,,"537",,,,
"43.04",,,,,"551",,,
"43.044","523",,,,,,,
"43.048",,"523",,,,,,
"43.051",,,"7.19",,,,,
"43.054",,,,,,"2.33",,
"43.057",,,,,,,"181",
"43.061",,,,"537",,,,
"43.064",,,,,"551",,,
"43.068","523",,,,,,,
"43.072",,"523",,,,,,
"43.075",,,"7.19",,,,,
"43.078",,,,,,"2.33",,
"43.081",,,,,,,"181",
"43.085",,,,"537",,,,
"43.088",,,,,"551",,,
"43.092","523",,,,,,,
"43.097",,"523",,,,,,
"43.099",,,"7.19",,,,,
"43.102",,,,,,"2.33",,
"43.105",,,,,,,"181",
"43.109",,,,"537",,,,
"43.112",,,,,"551",,,
"43.116","523",,,,,,,
"43.12",,"523",,,,,,
"43.123",,,"7.19",,,,,
"43.126",,,,,,"2.33",,
"43.129",,,,,,,"181",
"43.133",,,,"536",,,,
"43.137",,,,,"550",,,
"43.141","523",,,,,,,
"43.145",,"523",,,,,,
"43.147",,,"7.19",,,,,
"43.15",,,,,,"2.33",,
"43.153",,,,,,,"180",
"43.157",,,,"536",,,,
"43.16",,,,,"550",,,
"43.164","523",,,,,,,
"43.168",,"523",,,,,,
"43.171",,,"7.19",,,,,
"43.174",,,,,,"2.33",,
"43.177",,,,,,,"180",
"43.181",,,,"536",,,,
"43.185",,,,,"551",,,
"43.189","524",,,,,,,
"43.193",,"523",,,,,,
"43.195",,,"7.19",,,,,
"43.198",,,,,,"2.33",,
"43.201",,,,,,,"180",
"43.205",,,,"536",,,,
"43.208",,,,,"551",,,
"43.212","524",,,,,,,
"43.216",,"524",,,,,,
"43.219",,,"7.84",,,,,
"43.223",,,,,,"2.25",,
"43.226",,,,,,,"180",
"43.229",,,,"536",,,,
"43.233",,,,,"550",,,
"43.237","523",,,,,,,
"43.241",,"524",,,,,,
"43.243",,,"7.84",,,,,
"43.246",,,,,,"2.25",,
"43.249",,,,,,,"180",
"43.253",,,,"536",,,,
"43.256",,,,,"550",,,
"43.26","523",,,,,,,
"43.265",,"523",,,,,,
"43.268",,,"7.19",,,,,
"43.271",,,,,,"2.33",,
"43.274",,,,,,,"180",
"43.277",,,,"536",,,,
"43.281",,,,,"550",,,
"43.285","523",,,,,,,
"43.288",,"523",,,,,,
"43.291",,,"7.19",,,,,
"43.294",,,,,,"2.33",,
"43.297",,,,,,,"180",
"43.301",,,,"536",,,,
"43.304",,,,,"550",,,
"43.309","523",,,,,,,
"43.313",,"523",,,,,,
"43.316",,,"7.19",,,,,
"43.319",,,,,,"2.33",,
"43.322",,,,,,,"180",
"43.325",,,,"536",,,,
"43.329",,,,,"550",,,
"43.333","523",,,,,,,
"43.336",,"523",,,,,,
"43.339",,,"7.19",,,,,
"43.342",,,,,,"2.33",,
"43.345",,,,,,,"180",
"43.35",,,,"536",,,,
"43.353",,,,,"551",,,
"43.357","524",,,,,,,
"43.361",,"523",,,,,,
"43.364",,,"7.19",,,,,
"43.367",,,,,,"2.33",,
"43.37",,,,,,,"180",
"43.373",,,,"535",,,,
"43.377",,,,,"551",,,
"43.381","525",,,,,,,
"43.384",,"523",,,,,,
"43.387",,,"7.19",,,,,
"43.39",,,,,,"2.33",,
"43.394",,,,,,,"179",
"43.398",,,,"535",,,,
"43.401",,,,,"551",,,
"43.405","525",,,,,,,
"43.409",,"523",,,,,,
"43.412",,,"7.19",,,,,
"43.415",,,,,,"2.33",,
"43.418",,,,,,,"179",
"43.421",,,,"535",,,,
"43.425",,,,,"552",,,
"43.429","526",,,,,,,
"43.432",,"524",,,,,,
"43.436",,,"7.84",,,,,
"43.439",,,,,,"2.25",,
"43.442",,,,,,,"179",
"43.446",,,,"535",,,,
"43.449",,,,,"553",,,
"43.453","527",,,,,,,
"43.457",,"524",,,,,,
"43.46",,,"7.84",,,,,
"43.462",,,,,,"2.25",,
"43.465",,,,,,,"179",
"43.469",,,,"535",,,,
"43.473",,,,,"555",,,
"43.478","529",,,,,,,
"43.481",,"524",,,,,,
"43.484",,,"7.84",,,,,
"43.487",,,,,,"2.25",,
"43.49",,,,,,,"179",
"43.494",,,,"535",,,,
"43.497",,,,,"557",,,
"43.501","531",,,,,,,
"43.505",,"525",,,,,,
"43.507",,,"8.49",,,,,
"43.51",,,,,,"2.17",,
"43.513",,,,,,,"179",
"43.517",,,,"535",,,,
"43.522",,,,,"561",,,
"43.526","535",,,,,,,
"43.529",,"526",,,,,,
"43.532",,,"9.15",,,,,
"43.535",,,,,,"2.08",,
"43.538",,,,,,,"179",
"43.542",,,,"535",,,,
"43.545",,,,,"569",,,
"43.549","543",,,,,,,
"43.553",,"527",,,,,,
"43.555",,,"9.8",,,,,
"43.558",,,,,,"2",,
"43.561",,,,,,,"179",
"43.566",,,,"535",,,,
"43.57",,,,,"579",,,
"43.574","553",,,,,,,
"43.577",,"529",,,,,,
"43.58",,,"11.11",,,,,
"43.583",,,,,,"1.92",,
"43.586",,,,,,,"179",
"43.59",,,,"535",,,,
"43.593",,,,,"590",,,
"43.597","564",,,,,,,
"43.601",,"533",,,,,,
"43.604",,,"13.72",,,,,
"43.608",,,,,,"1.77",,
"43.611",,,,,,,"179",
"43.615",,,,"535",,,,
"43.618",,,,,"594",,,
"43.622","568",,,,,,,
"43.626",,"538",,,,,,
"43.628",,,"16.99",,,,,
"43.631",,,,,,"1.58",,
"43.634",,,,,,,"178",
"43.638",,,,"535",,,,
"43.641",,,,,"595",,,
"43.645","569",,,,,,,
"43.65",,"543",,,,,,
"43.653",,,"20.26",,,,,
"43.656",,,,,,"1.45",,
"43.659",,,,,,,"178",
"43.663",,,,"535",,,,
"43.666",,,,,"595",,,
"43.67","569",,,,,,,
"43.674",,"545",,,,,,
"43.676",,,"21.56",,,,,
"43.679",,,,,,"1.41",,
"43.682",,,,,,,"178",
"43.686",,,,"535",,,,
"43.691",,,,,"594",,,
"43.695","568",,,,,,,
"43.698",,"569",,,,,,
"43.701",,,"37.24",,,,,
"43.704",,,,,,"1",,
"43.707",,,,,,,"178",
"43.711",,,,"535",,,,
"43.714",,,,,"592",,,
"43.718","566",,,,,,,
"43.722",,"568",,,,,,
"43.724",,,"36.59",,,,,
"43.727",,,,,,"1.02",,
"43.73",,,,,,,"178",
"43.735",,,,"535",,,,
"43.739",,,,,"592",,,
"43.743","566",,,,,,,
"43.746",,"566",,,,,,
"43.749",,,"35.28",,,,,
"43.752",,,,,,"1.05",,
"43.755",,,,,,,"178",
"43.759",,,,"535",,,,
"43.762",,,,,"593",,,
"43.766","567",,,,,,,
"43.77",,"566",,,,,,
"43.773",,,"35.28",,,,,
"43.777",,,,,,"1.05",,
"43.78",,,,,,,"178",
"43.784",,,,"535",,,,
"43.787",,,,,"593",,,
"43.791","567",,,,,,,
"43.795",,"567",,,,,,
"43.797",,,"35.94",,,,,
"43.8",,,,,,"1.03",,
"43.803",,,,,,,"178",
"43.807",,,,"535",,,,
"43.81",,,,,"593",,,
"43.814","567",,,,,,,
"43.819",,"567",,,,,,
"43.822",,,"35.94",,,,,
"43.825",,,,,,"1.03",,
"43.828",,,,,,,"178",
"43.832",,,,"535",,,,
"43.835",,,,,"592",,,
"43.839","566",,,,,,,
"43.843",,"567",,,,,,
"43.845",,,"35.94",,,,,
"43.848",,,,,,"1.03",,
"43.851",,,,,,,"178",
"43.855",,,,"534",,,,
"43.859",,,,,"592",,,
"43.864","567",,,,,,,
"43.867",,"566",,,,,,
"43.87",,,"35.28",,,,,
"43.873",,,,,,"1.05",,
"43.876",,,,,,,"177",
"43.88",,,,"534",,,,
"43.883",,,,,"591",,,
"43.887","566",,,,,,,
"43.891",,"567",,,,,,
"43.893",,,"35.94",,,,,
"43.897",,,,,,"1.03",,
"43.899",,,,,,,"177",
"43.904",,,,"534",,,,
"43.908",,,,,"590",,,
"43.912","565",,,,,,,
"43.915",,"566",,,,,,
"43.918",,,"35.28",,,,,
"43.921",,,,,,"1.05",,
"43.924",,,,,,,"177",
"43.928",,,,"534",,,,
"43.931",,,,,"590",,,
"43.935","565",,,,,,,
"43.939",,"565",,,,,,
"43.942",,,"34.63",,,,,
"43.945",,,,,,"1.07",,
"43.949",,,,,,,"177",
"43.953",,,,"534",,,,
"43.956",,,,,"589",,,
"43.96","564",,,,,,,
"43.964",,"565",,,,,,
"43.966",,,"34.63",,,,,
"43.969",,,,,,"1.07",,
"43.972",,,,,,,"177",
"43.976",,,,"534",,,,
"43.979",,,,,"588",,,
"43.983","563",,,,,,,
"43.987",,"564",,,,,,
"43.991",,,"33.98",,,,,
"43.994",,,,,,"1.09",,
"43.997",,,,,,,"177",
"44.001",,,,"534",,,,
"44.004",,,,,"587",,,
"44.008","562",,,,,,,
"44.012",,"563",,,,,,
"44.014",,,"33.32",,,,,
"44.017",,,,,,"1.1",,
"44.02",,,,,,,"177",
"44.024",,,,"534",,,,
"44.028",,,,,"586",,,
"44.033","561",,,,,,,
"44.036",,"562",,,,,,
"44.039",,,"32.67",,,,,
"44.042",,,,,,"1.12",,
"44.045",,,,,,,"177",
"44.049",,,,"534",,,,
"44.052",,,,,"585",,,
"44.056","560",,,,,,,
"44.06",,"561",,,,,,
"44.062",,,"32.02",,,,,
"44.066",,,,,,"1.14",,
"44.069",,,,,,,"177",
"44.072",,,,"534",,,,
"44.077",,,,,"582",,,
"44.081","557",,,,,,,
"44.084",,"565",,,,,,
"44.087",,,"34.63",,,,,
"44.09",,,,,,"1.07",,
"44.093",,,,,,,"177",
"44.097",,,,"534",,,,
"44.1",,,,,"579",,,
"44.104","554",,,,,,,
"44.108",,"564",,,,,,
"44.111",,,"33.98",,,,,
"44.114",,,,,,"1.09",,
"44.118",,,,,,,"176",
"44.122",,,,"534",,,,
"44.125",,,,,"574",,,
"44.129","549",,,,,,,
"44.133",,"563",,,,,,
"44.135",,,"33.32",,,,,
"44.138",,,,,,"1.1",,
"44.141",,,,,,,"176",
"44.145",,,,"534",,,,
"44.148",,,,,"567",,,
"44.152","542",,,,,,,
"44.156",,"561",,,,,,
"44.16",,,"32.02",,,,,
"44.163",,,,,,"1.14",,
"44.166",,,,,,,"176",
"44.17",,,,"534",,,,
"44.173",,,,,"558",,,
"44.177","533",,,,,,,
"44.181",,"558",,,,,,
"44.183",,,"30.06",,,,,
"44.186",,,,,,"1.19",,
"44.189",,,,,,,"176",
"44.193",,,,"534",,,,
"44.197",,,,,"550",,,
"44.201","525",,,,,,,
"44.205",,"554",,,,,,
"44.208",,,"27.44",,,,,
"44.211",,,,,,"1.26",,
"44.214",,,,,,,"176",
"44.218",,,,"534",,,,
"44.221",,,,,"547",,,
"44.225","522",,,,,,,
"44.229",,"550",,,,,,
"44.231",,,"24.83",,,,,
"44.235",,,,,,"1.33",,
"44.238",,,,,,,"176",
"44.241",,,,"534",,,,
"44.246",,,,,"546",,,
"44.25","521",,,,,,,
"44.253",,"546",,,,,,
"44.256",,,"22.22",,,,,
"44.259",,,,,,"1.4",,
"44.262",,,,,,,"176",
"44.266",,,,"534",,,,
"44.269",,,,,"547",,,
"44.273","522",,,,,,,
"44.277",,"521",,,,,,
"44.28",,,"5.88",,,,,
"44.283",,,,,,"2.5",,
"44.286",,,,,,,"176",
"44.29",,,,"534",,,,
"44.294",,,,,"548",,,
"44.298","523",,,,,,,
"44.302",,"522",,,,,,
"44.304",,,"6.53",,,,,
"44.307",,,,,,"2.42",,
"44.31",,,,,,,"176",
"44.314",,,,"534",,,,
"44.317",,,,,"549",,,
"44.321","524",,,,,,,
"44.325",,"523",,,,,,
"44.328",,,"7.19",,,,,
"44.332",,,,,,"2.33",,
"44.335",,,,,,,"176",
"44.338",,,,"533",,,,
"44.342",,,,,"551",,,
"44.346","527",,,,,,,
"44.35",,"524",,,,,,
"44.352",,,"7.84",,,,,
"44.355",,,,,,"2.25",,
"44.358",,,,,,,"175",
"44.362",,,,"533",,,,
"44.365",,,,,"552",,,
"44.369","528",,,,,,,
"44.374",,"527",,,,,,
"44.377",,,"9.8",,,,,
"44.38",,,,,,"2",,
"44.383",,,,,,,"175",
"44.386",,,,"533",,,,
"44.39",,,,,"551",,,
"44.394","527",,,,,,,
"44.398",,"528",,,,,,
"44.4",,,"10.45",,,,,
"44.403",,,,,,"1.96",,
"44.406",,,,,,,"175",
"44.41",,,,"533",,,,
"44.413",,,,,"552",,,
"44.418","528",,,,,,,
"44.422",,"527",,,,,,
"44.425",,,"9.8",,,,,
"44.428",,,,,,"2",,
"44.431",,,,,,,"175",
"44.435",,,,"533",,,,
"44.438",,,,,"551",,,
"44.442","527",,,,,,,
"44.446",,"528",,,,,,
"44.448",,,"10.45",,,,,
"44.451",,,,,,"1.96",,
"44.454",,,,,,,"175",
"44.459",,,,"533",,,,
"44.462",,,,,"550",,,
"44.466","526",,,,,,,
"44.47",,"527",,,,,,
"44.473",,,"9.8",,,,,
"44.476",,,,,,"2",,
"44.479",,,,,,,"175",
"44.483",,,,"533",,,,
"44.486",,,,,"550",,,
"44.49","526",,,,,,,
"44.494",,"526",,,,,,
"44.496",,,"9.15",,,,,
"44.499",,,,,,"2.08",,
"44.503",,,,,,,"175",
"44.507",,,,"533",,,,
"44.51",,,,,"550",,,
"44.514","526",,,,,,,
"44.518",,"526",,,,,,
"44.521",,,"9.15",,,,,
"44.524",,,,,,"2.08",,
"44.527",,,,,,,"175",
"44.531",,,,"533",,,,
"44.534",,,,,"550",,,
"44.538","526",,,,,,,
"44.542",,"526",,,,,,
"44.545",,,"9.15",,,,,
"44.548",,,,,,"2.08",,
"44.551",,,,,,,"175",
"44.555",,,,"533",,,,
"44.558",,,,,"550",,,
"44.562","526",,,,,,,
"44.566",,"526",,,,,,
"44.569",,,"9.15",,,,,
"44.572",,,,,,"2.08",,
"44.575",,,,,,,"175",
"44.579",,,,"533",,,,
"44.582",,,,,"551",,,
"44.587","527",,,,,,,
"44.591",,"526",,,,,,
"44.593",,,"9.15",,,,,
"44.596",,,,,,"2.08",,
"44.599",,,,,,,"174",
"44.603",,,,"533",,,,
"44.606",,,,,"553",,,
"44.61","529",,,,,,,
"44.614",,"527",,,,,,
"44.617",,,"9.8",,,,,
"44.62",,,,,,"2",,
"44.623",,,,,,,"174",
"44.627",,,,"533",,,,
"44.631",,,,,"557",,,
"44.635","533",,,,,,,
"44.639",,"529",,,,,,
"44.641",,,"11.11",,,,,
"44.644",,,,,,"1.92",,
"44.647",,,,,,,"174",
"44.651",,,,"533",,,,
"44.654",,,,,"564",,,
"44.658","540",,,,,,,
"44.662",,"527",,,,,,
"44.665",,,"9.8",,,,,
"44.668",,,,,,"2",,
"44.672",,,,,,,"174",
"44.676",,,,"533",,,,
"44.679",,,,,"575",,,
"44.683","551",,,,,,,
"44.687",,"527",,,,,,
"44.689",,,"9.8",,,,,
"44.692",,,,,,"2",,
"44.695",,,,,,,"174",
"44.699",,,,"533",,,,
"44.702",,,,,"585",,,
"44.706","561",,,,,,,
"44.71",,"530",,,,,,
"44.713",,,"11.76",,,,,
"44.717",,,,,,"1.88",,
"44.72",,,,,,,"174",
"44.724",,,,"533",,,,
"44.727",,,,,"590",,,
"44.731","566",,,,,,,
"44.735",,"536",,,,,,
"44.737",,,"15.68",,,,,
"44.74",,,,,,"1.65",,
"44.743",,,,,,,"174",
"44.747",,,,"533",,,,
"44.751",,,,,"594",,,
"44.755","570",,,,,,,
"44.759",,"541",,,,,,
"44.762",,,"18.95",,,,,
"44.765",,,,,,"1.48",,
"44.768",,,,,,,"174",
"44.772",,,,"533",,,,
"44.775",,,,,"594",,,
"44.779","570",,,,,,,
"44.783",,"544",,,,,,
"44.785",,,"20.91",,,,,
"44.789",,,,,,"1.43",,
"44.791",,,,,,,"174",
"44.795",,,,"533",,,,
"44.8",,,,,"593",,,
"44.804","569",,,,,,,
"44.807",,"570",,,,,,
"44.81",,,"37.9",,,,,
"44.813",,,,,,"1",,
"44.816",,,,,,,"174",
"44.82",,,,"532",,,,
"44.823",,,,,"591",,,
"44.827","568",,,,,,,
"44.831",,"569",,,,,,
"44.834",,,"37.24",,,,,
"44.837",,,,,,"1",,
"44.84",,,,,,,"173",
"44.845",,,,"532",,,,
"44.848",,,,,"587",,,
"44.852","564",,,,,,,
"44.856",,"568",,,,,,
"44.858",,,"36.59",,,,,
"44.861",,,,,,"1.02",,
"44.864",,,,,,,"173",
"44.868",,,,"532",,,,
"44.871",,,,,"585",,,
"44.875","562",,,,,,,
"44.879",,"564",,,,,,
"44.882",,,"33.98",,,,,
"44.886",,,,,,"1.09",,
"44.889",,,,,,,"173",
"44.893",,,,"532",,,,
"44.896",,,,,"582",,,
"44.9","559",,,,,,,
"44.904",,"562",,,,,,
"44.906",,,"32.67",,,,,
"44.909",,,,,,"1.12",,
"44.912",,,,,,,"173",
"44.916",,,,"532",,,,
"44.92",,,,,"579",,,
"44.924","556",,,,,,,
"44.928",,"559",,,,,,
"44.931",,,"30.71",,,,,
"44.934",,,,,,"1.17",,
"44.937",,,,,,,"173",
"44.941",,,,"532",,,,
"44.944",,,,,"573",,,
"44.948","550",,,,,,,
"44.952",,"556",,,,,,
"44.954",,,"28.75",,,,,
"44.958",,,,,,"1.22",,
"44.961",,,,,,,"173",
"44.964",,,,"532",,,,
"44.968",,,,,"566",,,
"44.973","543",,,,,,,
"44.976",,"550",,,,,,
"44.979",,,"24.83",,,,,
"44.982",,,,,,"1.33",,
"44.985",,,,,,,"173",
"44.989",,,,"532",,,,
"44.992",,,,,"559",,,
"44.996","536",,,,,,,
"45",,"543",,,,,,
"45.003",,,"20.26",,,,,
"45.006",,,,,,"1.45",,
"45.009",,,,,,,"173",
"45.014",,,,"532",,,,
"45.017",,,,,"552",,,
"45.021","529",,,,,,,
"45.025",,"536",,,,,,
"45.027",,,"15.68",,,,,
"45.03",,,,,,"1.65",,
"45.033",,,,,,,"173",
"45.037",,,,"532",,,,
"45.04",,,,,"547",,,
"45.044","524",,,,,,,
"45.048",,"548",,,,,,
"45.051",,,"23.52",,,,,
"45.054",,,,,,"1.36",,
"45.058",,,,,,,"173",
"45.062",,,,"531",,,,
"45.065",,,,,"544",,,
"45.069","522",,,,,,,
"45.073",,"548",,,,,,
"45.075",,,"23.52",,,,,
"45.078",,,,,,"1.36",,
"45.081",,,,,,,"172",
"45.085",,,,"531",,,,
"45.089",,,,,"543",,,
"45.093","521",,,,,,,
"45.096",,"547",,,,,,
"45.1",,,"22.87",,,,,
"45.103",,,,,,"1.38",,
"45.106",,,,,,,"172",
"45.11",,,,"531",,,,
"45.113",,,,,"544",,,
"45.117","522",,,,,,,
"45.121",,"521",,,,,,
"45.123",,,"5.88",,,,,
"45.126",,,,,,"2.5",,
"45.129",,,,,,,"172",
"45.133",,,,"531",,,,
"45.137",,,,,"547",,,
"45.142","525",,,,,,,
"45.145",,"522",,,,,,
"45.148",,,"6.53",,,,,
"45.151",,,,,,"2.42",,
"45.154",,,,,,,"172",
"45.158",,,,"531",,,,
"45.161",,,,,"550",,,
"45.165","528",,,,,,,
"45.169",,"525",,,,,,
"45.171",,,"8.49",,,,,
"45.174",,,,,,"2.17",,
"45.177",,,,,,,"172",
"45.181",,,,"531",,,,
"45.186",,,,,"556",,,
"45.19","534",,,,,,,
"45.193",,"528",,,,,,
"45.196",,,"10.45",,,,,
"45.199",,,,,,"1.96",,
"45.202",,,,,,,"172",
"45.206",,,,"531",,,,
"45.209",,,,,"562",,,
"45.213","540",,,,,,,
"45.217",,"534",,,,,,
"45.22",,,"14.37",,,,,
"45.223",,,,,,"1.73",,
"45.227",,,,,,,"172",
"45.23",,,,"531",,,,
"45.234",,,,,"569",,,
"45.238","547",,,,,,,
"45.242",,"540",,,,,,
"45.244",,,"18.3",,,,,
"45.247",,,,,,"1.5",,
"45.25",,,,,,,"172",
"45.254",,,,"531",,,,
"45.257",,,,,"575",,,
"45.261","553",,,,,,,
"45.265",,"547",,,,,,
"45.268",,,"22.87",,,,,
"45.272",,,,,,"1.38",,
"45.275",,,,,,,"172",
"45.279",,,,"531",,,,
"45.282",,,,,"578",,,
"45.286","556",,,,,,,
"45.29",,"553",,,,,,
"45.292",,,"26.79",,,,,
"45.295",,,,,,"1.28",,
"45.298",,,,,,,"172",
"45.302",,,,"531",,,,
"45.306",,,,,"577",,,
"45.31","555",,,,,,,
"45.314",,"556",,,,,,
"45.317",,,"28.75",,,,,
"45.32",,,,,,"1.22",,
"45.323",,,,,,,"171",
"45.327",,,,"531",,,,
"45.33",,,,,"573",,,
"45.334","551",,,,,,,
"45.338",,"555",,,,,,
"45.34",,,"28.1",,,,,
"45.343",,,,,,"1.24",,
"45.346",,,,,,,"171",
"45.35",,,,"531",,,,
"45.355",,,,,"566",,,
"45.359","544",,,,,,,
"45.362",,"551",,,,,,
"45.365",,,"25.48",,,,,
"45.368",,,,,,"1.31",,
"45.371",,,,,,,"171",
"45.375",,,,"531",,,,
"45.378",,,,,"558",,,
"45.382","536",,,,,,,
"45.386",,"544",,,,,,
"45.389",,,"20.91",,,,,
"45.392",,,,,,"1.43",,
"45.395",,,,,,,"171",
"45.4",,,,"531",,,,
"45.403",,,,,"550",,,
"45.407","528",,,,,,,
"45.411",,"536",,,,,,
"45.413",,,"15.68",,,,,
"45.416",,,,,,"1.65",,
"45.419",,,,,,,"171",
"45.423",,,,"531",,,,
"45.426",,,,,"544",,,
"45.43","522",,,,,,,
"45.434",,"528",,,,,,
"45.437",,,"10.45",,,,,
"45.441",,,,,,"1.96",,
"45.444",,,,,,,"171",
"45.448",,,,"531",,,,
"45.451",,,,,"542",,,
"45.455","520",,,,,,,
"45.459",,"538",,,,,,
"45.461",,,"16.99",,,,,
"45.464",,,,,,"1.58",,
"45.467",,,,,,,"171",
"45.471",,,,"531",,,,
"45.475",,,,,"542",,,
"45.479","520",,,,,,,
"45.483",,"538",,,,,,
"45.486",,,"16.99",,,,,
"45.489",,,,,,"1.58",,
"45.492",,,,,,,"171",
"45.496",,,,"531",,,,
"45.499",,,,,"546",,,
"45.503","524",,,,,,,
"45.507",,"520",,,,,,
"45.509",,,"5.23",,,,,
"45.512",,,,,,"2.63",,
"45.515",,,,,,,"171",
"45.519",,,,"531",,,,
"45.523",,,,,"553",,,
"45.528","531",,,,,,,
"45.531",,"524",,,,,,
"45.534",,,"7.84",,,,,
"45.537",,,,,,"2.25",,
"45.54",,,,,,,"171",
"45.544",,,,"530",,,,
"45.547",,,,,"561",,,
"45.551","540",,,,,,,
"45.555",,"531",,,,,,
"45.557",,,"12.41",,,,,
"45.56",,,,,,"1.85",,
"45.563",,,,,,,"170",
"45.568",,,,"530",,,,
"45.572",,,,,"571",,,
"45.576","550",,,,,,,
"45.579",,"540",,,,,,
"45.582",,,"18.3",,,,,
"45.585",,,,,,"1.5",,
"45.588",,,,,,,"170",
"45.592",,,,"530",,,,
"45.595",,,,,"578",,,
"45.599","557",,,,,,,
"45.603",,"538",,,,,,
"45.606",,,"16.99",,,,,
"45.609",,,,,,"1.58",,
"45.613",,,,,,,"170",
"45.617",,,,"530",,,,
"45.62",,,,,"582",,,
"45.624","561",,,,,,,
"45.628",,"538",,,,,,
"45.63",,,"16.99",,,,,
"45.633",,,,,,"1.58",,
"45.636",,,,,,,"170",
"45.64",,,,"530",,,,
"45.643",,,,,"583",,,
"45.647","562",,,,,,,
"45.651",,"538",,,,,,
"45.655",,,"16.99",,,,,
"45.658",,,,,,"1.58",,
"45.661",,,,,,,"170",
"45.665",,,,"530",,,,
"45.668",,,,,"581",,,
"45.672","560",,,,,,,
"45.676",,"562",,,,,,
"45.678",,,"32.67",,,,,
"45.681",,,,,,"1.12",,
"45.684",,,,,,,"170",
"45.688",,,,"530",,,,
"45.692",,,,,"578",,,
"45.697","557",,,,,,,
"45.7",,"560",,,,,,
"45.703",,,"31.36",,,,,
"45.706",,,,,,"1.16",,
"45.709",,,,,,,"170",
"45.713",,,,"530",,,,
"45.716",,,,,"574",,,
"45.72","553",,,,,,,
"45.724",,"557",,,,,,
"45.726",,,"29.4",,,,,
"45.729",,,,,,"1.21",,
"45.732",,,,,,,"170",
"45.736",,,,"530",,,,
"45.741",,,,,"571",,,
"45.745","550",,,,,,,
"45.748",,"553",,,,,,
"45.751",,,"26.79",,,,,
"45.754",,,,,,"1.28",,
"45.757",,,,,,,"170",
"45.761",,,,"530",,,,
"45.764",,,,,"567",,,
"45.768","546",,,,,,,
"45.772",,"550",,,,,,
"45.775",,,"24.83",,,,,
"45.778",,,,,,"1.33",,
"45.782",,,,,,,"170",
"45.786",,,,"530",,,,
"45.789",,,,,"564",,,
"45.793","543",,,,,,,
"45.797",,"546",,,,,,
"45.799",,,"22.22",,,,,
"45.802",,,,,,"1.4",,
"45.805",,,,,,,"169",
"45.809",,,,"530",,,,
"45.812",,,,,"561",,,
"45.816","540",,,,,,,
"45.82",,"543",,,,,,
"45.824",,,"20.26",,,,,
"45.827",,,,,,"1.45",,
"45.83",,,,,,,"169",
"45.834",,,,"530",,,,
"45.837",,,,,"558",,,
"45.841","537",,,,,,,
"45.845",,"540",,,,,,
"45.847",,,"18.3",,,,,
"45.85",,,,,,"1.5",,
"45.853",,,,,,,"169",
"45.857",,,,"530",,,,
"45.861",,,,,"553",,,
"45.865","532",,,,,,,
"45.869",,"537",,,,,,
"45.872",,,"16.33",,,,,
"45.875",,,,,,"1.62",,
"45.878",,,,,,,"169",
"45.882",,,,"530",,,,
"45.885",,,,,"550",,,
"45.889","529",,,,,,,
"45.893",,"532",,,,,,
"45.895",,,"13.07",,,,,
"45.899",,,,,,"1.81",,
"45.901",,,,,,,"169",
"45.905",,,,"530",,,,
"45.91",,,,,"547",,,
"45.914","526",,,,,,,
"45.917",,"529",,,,,,
"45.92",,,"11.11",,,,,
"45.923",,,,,,"1.92",,
"45.926",,,,,,,"169",
"45.93",,,,"530",,,,
"45.933",,,,,"545",,,
"45.937","524",,,,,,,
"45.941",,"526",,,,,,
"45.944",,,"9.15",,,,,
"45.947",,,,,,"2.08",,
"45.95",,,,,,,"169",
"45.954",,,,"530",,,,
"45.958",,,,,"544",,,
"45.962","523",,,,,,,
"45.965",,"524",,,,,,
"45.968",,,"7.84",,,,,
"45.971",,,,,,"2.25",,
"45.974",,,,,,,"169",
"45.978",,,,"530",,,,
"45.981",,,,,"542",,,
"45.985","521",,,,,,,
"45.989",,"543",,,,,,
"45.992",,,"20.26",,,,,
"45.996",,,,,,"1.45",,
"45.999",,,,,,,"169",
"46.003",,,,"530",,,,
"46.006",,,,,"540",,,
"46.01","519",,,,,,,
"46.014",,"542",,,,,,
"46.016",,,"19.6",,,,,
"46.019",,,,,,"1.47",,
"46.022",,,,,,,"169",
"46.026",,,,"529",,,,
"46.029",,,,,"538",,,
"46.033","518",,,,,,,
"46.038",,"541",,,,,,
"46.041",,,"18.95",,,,,
"46.044",,,,,,"1.48",,
"46.047",,,,,,,"168",
"46.051",,,,"529",,,,
"46.054",,,,,"537",,,
"46.058","517",,,,,,,
"46.062",,"540",,,,,,
"46.064",,,"18.3",,,,,
"46.067",,,,,,"1.5",,
"46.07",,,,,,,"168",
"46.074",,,,"529",,,,
"46.078",,,,,"536",,,
"46.083","516",,,,,,,
"46.086",,"540",,,,,,
"46.089",,,"18.3",,,,,
"46.092",,,,,,"1.5",,
"46.095",,,,,,,"168",
"46.099",,,,"529",,,,
"46.102",,,,,"536",,,
"46.106","516",,,,,,,
"46.11",,"539",,,,,,
"46.112",,,"17.64",,,,,
"46.116",,,,,,"1.54",,
"46.118",,,,,,,"168",
"46.123",,,,"529",,,,
"46.127",,,,,"536",,,
"46.131","516",,,,,,,
"46.134",,"516",,,,,,
"46.137",,,"2.61",,,,,
"46.14",,,,,,"3.17",,
"46.143",,,,,,,"168",
"46.147",,,,"529",,,,
"46.15",,,,,"535",,,
"46.154","515",,,,,,,
"46.158",,"538",,,,,,
"46.16",,,"16.99",,,,,
"46.164",,,,,,"1.58",,
"46.168",,,,,,,"168",
"46.171",,,,"529",,,,
"46.175",,,,,"536",,,
"46.179","516",,,,,,,
"46.183",,"515",,,,,,
"46.185",,,"1.96",,,,,
"46.188",,,,,,"3.33",,
"46.191",,,,,,,"168",
"46.195",,,,"529",,,,
"46.198",,,,,"536",,,
"46.202","516",,,,,,,
"46.206",,"516",,,,,,
"46.21",,,"2.61",,,,,
"46.213",,,,,,"3.17",,
"46.216",,,,,,,"168",
"46.219",,,,"529",,,,
"46.223",,,,,"537",,,
"46.227","517",,,,,,,
"46.23",,"516",,,,,,
"46.233",,,"2.61",,,,,
"46.236",,,,,,"3.17",,
"46.239",,,,,,,"168",
"46.243",,,,"529",,,,
"46.246",,,,,"539",,,
"46.251","519",,,,,,,
"46.255",,"517",,,,,,
"46.258",,,"3.27",,,,,
"46.261",,,,,,"3",,
"46.264",,,,,,,"168",
"46.267",,,,"528",,,,
"46.271",,,,,"541",,,
"46.275","522",,,,,,,
"46.278",,"519",,,,,,
"46.281",,,"4.57",,,,,
"46.284",,,,,,"2.75",,
"46.287",,,,,,,"167",
"46.291",,,,"528",,,,
"46.295",,,,,"542",,,
"46.299","523",,,,,,,
"46.303",,"522",,,,,,
"46.306",,,"6.53",,,,,
"46.309",,,,,,"2.42",,
"46.312",,,,,,,"167",
"46.315",,,,"528",,,,
"46.319",,,,,"543",,,
"46.323","524",,,,,,,
"46.326",,"523",,,,,,
"46.329",,,"7.19",,,,,
"46.332",,,,,,"2.33",,
"46.336",,,,,,,"167",
"46.34",,,,"528",,,,
"46.343",,,,,"544",,,
"46.347","525",,,,,,,
"46.351",,"524",,,,,,
"46.354",,,"7.84",,,,,
"46.357",,,,,,"2.25",,
"46.359",,,,,,,"167",
"46.363",,,,"528",,,,
"46.367",,,,,"546",,,
"46.371","527",,,,,,,
"46.374",,"525",,,,,,
"46.377",,,"8.49",,,,,
"46.381",,,,,,"2.17",,
"46.384",,,,,,,"167",
"46.388",,,,"528",,,,
"46.391",,,,,"548",,,
"46.395","529",,,,,,,
"46.399",,"520",,,,,,
"46.401",,,"5.23",,,,,
"46.404",,,,,,"2.63",,
"46.407",,,,,,,"167",
"46.411",,,,"528",,,,
"46.415",,,,,"550",,,
"46.419","531",,,,,,,
"46.423",,"521",,,,,,
"46.426",,,"5.88",,,,,
"46.429",,,,,,"2.5",,
"46.432",,,,,,,"167",
"46.436",,,,"528",,,,
"46.439",,,,,"551",,,
"46.443","532",,,,,,,
"46.447",,"522",,,,,,
"46.449",,,"6.53",,,,,
"46.452",,,,,,"2.42",,
"46.455",,,,,,,"167",
"46.459",,,,"528",,,,
"46.464",,,,,"552",,,
"46.468","533",,,,,,,
"46.471",,"523",,,,,,
"46.474",,,"7.19",,,,,
"46.477",,,,,,"2.33",,
"46.48",,,,,,,"167",
"46.484",,,,"528",,,,
"46.487",,,,,"552",,,
"46.491","533",,,,,,,
"46.495",,"523",,,,,,
"46.497",,,"7.19",,,,,
"46.5",,,,,,"2.33",,
"46.503",,,,,,,"167",
"46.508",,,,"528",,,,
"46.512",,,,,"553",,,
"46.516","534",,,,,,,
"46.519",,"524",,,,,,
"46.522",,,"7.84",,,,,
"46.525",,,,,,"2.25",,
"46.528",,,,,,,"166",
"46.532",,,,"528",,,,
"46.535",,,,,"553",,,
"46.539","534",,,,,,,
"46.543",,"524",,,,,,
"46.545",,,"7.84",,,,,
"46.548",,,,,,"2.25",,
"46.552",,,,,,,"166",
"46.556",,,,"528",,,,
"46.56",,,,,"553",,,
"46.564","534",,,,,,,
"46.567",,"534",,,,,,
"46.57",,,"14.37",,,,,
"46.573",,,,,,"1.73",,
"46.576",,,,,,,"166",
"46.58",,,,"528",,,,
"46.583",,,,,"553",,,
"46.587","534",,,,,,,
"46.592",,"534",,,,,,
"46.595",,,"14.37",,,,,
"46.598",,,,,,"1.73",,
"46.601",,,,,,,"166",
"46.604",,,,"528",,,,
"46.608",,,,,"552",,,
"46.612","533",,,,,,,
"46.616",,"534",,,,,,
"46.618",,,"14.37",,,,,
"46.621",,,,,,"1.73",,
"46.624",,,,,,,"166",
"46.628",,,,"528",,,,
"46.631",,,,,"552",,,
"46.636","533",,,,,,,
"46.64",,"533",,,,,,
"46.643",,,"13.72",,,,,
"46.646",,,,,,"1.77",,
"46.649",,,,,,,"166",
"46.653",,,,"528",,,,
"46.656",,,,,"554",,,
"46.66","535",,,,,,,
"46.664",,"525",,,,,,
"46.666",,,"8.49",,,,,
"46.669",,,,,,"2.17",,
"46.672",,,,,,,"166",
"46.676",,,,"528",,,,
"46.68",,,,,"555",,,
"46.684","536",,,,,,,
"46.688",,"525",,,,,,
"46.691",,,"8.49",,,,,
"46.694",,,,,,"2.17",,
"46.697",,,,,,,"166",
"46.701",,,,"528",,,,
"46.704",,,,,"557",,,
"46.708","538",,,,,,,
"46.712",,"526",,,,,,
"46.714",,,"9.15",,,,,
"46.717",,,,,,"2.08",,
"46.721",,,,,,,"166",
"46.725",,,,"528",,,,
"46.728",,,,,"559",,,
"46.732","540",,,,,,,
"46.736",,"527",,,,,,
"46.739",,,"9.8",,,,,
"46.742",,,,,,"2",,
"46.745",,,,,,,"166",
"46.749",,,,"527",,,,
"46.752",,,,,"560",,,
"46.756","542",,,,,,,
"46.76",,"530",,,,,,
"46.763",,,"11.76",,,,,
"46.766",,,,,,"1.88",,
"46.769",,,,,,,"165",
"46.773",,,,"527",,,,
"46.776",,,,,"563",,,
"46.78","545",,,,,,,
"46.784",,"531",,,,,,
"46.787",,,"12.41",,,,,
"46.79",,,,,,"1.85",,
"46.793",,,,,,,"165",
"46.797",,,,"527",,,,
"46.8",,,,,"564",,,
"46.804","546",,,,,,,
"46.809",,"533",,,,,,
"46.811",,,"13.72",,,,,
"46.814",,,,,,"1.77",,
"46.817",,,,,,,"165",
"46.821",,,,"527",,,,
"46.825",,,,,"566",,,
"46.829","548",,,,,,,
"46.832",,"535",,,,,,
"46.835",,,"15.03",,,,,
"46.838",,,,,,"1.69",,
"46.841",,,,,,,"165",
"46.845",,,,"527",,,,
"46.849",,,,,"567",,,
"46.853","549",,,,,,,
"46.857",,"536",,,,,,
"46.859",,,"15.68",,,,,
"46.863",,,,,,"1.65",,
"46.866",,,,,,,"165",
"46.869",,,,"527",,,,
"46.873",,,,,"567",,,
"46.877","549",,,,,,,
"46.88",,"538",,,,,,
"46.883",,,"16.99",,,,,
"46.886",,,,,,"1.58",,
"46.889",,,,,,,"165",
"46.894",,,,"527",,,,
"46.897",,,,,"568",,,
"46.901","550",,,,,,,
"46.905",,"540",,,,,,
"46.908",,,"18.3",,,,,
"46.911",,,,,,"1.5",,
"46.914",,,,,,,"165",
"46.918",,,,"527",,,,
"46.921",,,,,"568",,,
"46.925","550",,,,,,,
"46.929",,"540",,,,,,
"46.931",,,"18.3",,,,,
"46.935",,,,,,"1.5",,
"46.938",,,,,,,"165",
"46.942",,,,"527",,,,
"46.945",,,,,"567",,,
"46.949","549",,,,,,,
"46.953",,"550",,,,,,
"46.956",,,"24.83",,,,,
"46.959",,,,,,"1.33",,
"46.962",,,,,,,"165",
"46.966",,,,"527",,,,
"46.969",,,,,"565",,,
"46.973","547",,,,,,,
"46.978",,"549",,,,,,
"46.98",,,"24.18",,,,,
"46.983",,,,,,"1.34",,
"46.986",,,,,,,"165",
"46.99",,,,"527",,,,
"46.994",,,,,"563",,,
"46.998","545",,,,,,,
"47.001",,"547",,,,,,
"47.004",,,"22.87",,,,,
"47.007",,,,,,"1.38",,
"47.01",,,,,,,"164",
"47.014",,,,"527",,,,
"47.017",,,,,"561",,,
"47.022","543",,,,,,,
"47.026",,"545",,,,,,
"47.029",,,"21.56",,,,,
"47.032",,,,,,"1.41",,
"47.035",,,,,,,"164",
"47.038",,,,"527",,,,
"47.042",,,,,"560",,,
"47.046","542",,,,,,,
"47.05",,"543",,,,,,
"47.052",,,"20.26",,,,,
"47.055",,,,,,"1.45",,
"47.058",,,,,,,"164",
"47.063",,,,"527",,,,
"47.066",,,,,"559",,,
"47.07","541",,,,,,,
"47.074",,"542",,,,,,
"47.077",,,"19.6",,,,,
"47.08",,,,,,"1.47",,
"47.083",,,,,,,"164",
"47.087",,,,"527",,,,
"47.09",,,,,"560",,,
"47.094","542",,,,,,,
"47.098",,"541",,,,,,
"47.1",,,"18.95",,,,,
"47.104",,,,,,"1.48",,
"47.107",,,,,,,"164",
"47.111",,,,"527",,,,
"47.115",,,,,"562",,,
"47.118","544",,,,,,,
"47.122",,"542",,,,,,
"47.125",,,"19.6",,,,,
"47.128",,,,,,"1.47",,
"47.131",,,,,,,"164",
"47.135",,,,"527",,,,
"47.138",,,,,"562",,,
"47.142","544",,,,,,,
"47.147",,"544",,,,,,
"47.149",,,"20.91",,,,,
"47.152",,,,,,"1.43",,
"47.155",,,,,,,"164",
"47.159",,,,"527",,,,
"47.163",,,,,"563",,,
"47.167","545",,,,,,,
"47.17",,"544",,,,,,
"47.173",,,"20.91",,,,,
"47.176",,,,,,"1.43",,
"47.179",,,,,,,"164",
"47.183",,,,"527",,,,
"47.186",,,,,"563",,,
"47.191","545",,,,,,,
"47.195",,"545",,,,,,
"47.198",,,"21.56",,,,,
"47.201",,,,,,"1.41",,
"47.204",,,,,,,"164",
"47.207",,,,"527",,,,
"47.211",,,,,"564",,,
"47.215","546",,,,,,,
"47.219",,"545",,,,,,
"47.221",,,"21.56",,,,,
"47.224",,,,,,"1.41",,
"47.227",,,,,,,"164",
"47.232",,,,"526",,,,
"47.235",,,,,"565",,,
"47.239","548",,,,,,,
"47.243",,"546",,,,,,
"47.246",,,"22.22",,,,,
"47.249",,,,,,"1.4",,
"47.252",,,,,,,"163",
"47.256",,,,"526",,,,
"47.259",,,,,"568",,,
"47.263","551",,,,,,,
"47.267",,"545",,,,,,
"47.269",,,"21.56",,,,,
"47.272",,,,,,"1.41",,
"47.276",,,,,,,"163",
"47.28",,,,"526",,,,
"47.284",,,,,"568",,,
"47.288","551",,,,,,,
"47.291",,"545",,,,,,
"47.294",,,"21.56",,,,,
"47.297",,,,,,"1.41",,
"47.3",,,,,,,"163",
"47.304",,,,"526",,,,
"47.307",,,,,"569",,,
"47.311","552",,,,,,,
"47.315",,"546",,,,,,
"47.318",,,"22.22",,,,,
"47.321",,,,,,"1.4",,
"47.324",,,,,,,"163",
"47.328",,,,"526",,,,
"47.332",,,,,"569",,,
"47.336","552",,,,,,,
"47.339",,"546",,,,,,
"47.342",,,"22.22",,,,,
"47.345",,,,,,"1.4",,
"47.348",,,,,,,"163",
"47.352",,,,"526",,,,
"47.355",,,,,"569",,,
"47.36","552",,,,,,,
"47.364",,"552",,,,,,
"47.367",,,"26.14",,,,,
"47.37",,,,,,"1.29",,
"47.373",,,,,,,"163",
"47.377",,,,"526",,,,
"47.38",,,,,"569",,,
"47.384","552",,,,,,,
"47.388",,"552",,,,,,
"47.39",,,"26.14",,,,,
"47.393",,,,,,"1.29",,
"47.396",,,,,,,"163",
"47.4",,,,"526",,,,
"47.404",,,,,"568",,,
"47.408","551",,,,,,,
"47.412",,"552",,,,,,
"47.415",,,"26.14",,,,,
"47.418",,,,,,"1.29",,
"47.421",,,,,,,"163",
"47.425",,,,"526",,,,
"47.428",,,,,"568",,,
"47.432","551",,,,,,,
"47.436",,"551",,,,,,
"47.438",,,"25.48",,,,,
"47.441",,,,,,"1.31",,
"47.444",,,,,,,"163",
"47.449",,,,"526",,,,
"47.453",,,,,"568",,,
"47.457","551",,,,,,,
"47.46",,"551",,,,,,
"47.463",,,"25.48",,,,,
"47.466",,,,,,"1.31",,
"47.469",,,,,,,"163",
"47.473",,,,"526",,,,
"47.476",,,,,"568",,,
"47.48","551",,,,,,,
"47.484",,"551",,,,,,
"47.486",,,"25.48",,,,,
"47.49",,,,,,"1.31",,
"47.493",,,,,,,"162",
"47.497",,,,"526",,,,
"47.501",,,,,"567",,,
"47.505","550",,,,,,,
"47.508",,"551",,,,,,
"47.511",,,"25.48",,,,,
"47.514",,,,,,"1.31",,
"47.517",,,,,,,"162",
"47.521",,,,"526",,,,
"47.524",,,,,"566",,,
"47.528","549",,,,,,,
"47.533",,"550",,,,,,
"47.536",,,"24.83",,,,,
"47.539",,,,,,"1.33",,
"47.542",,,,,,,"162",
"47.546",,,,"526",,,,
"47.549",,,,,"566",,,
"47.553","549",,,,,,,
"47.557",,"549",,,,,,
"47.559",,,"24.18",,,,,
"47.562",,,,,,"1.34",,
"47.565",,,,,,,"162",
"47.569",,,,"526",,,,
"47.572",,,,,"566",,,
"47.577","549",,,,,,,
"47.581",,"549",,,,,,
"47.584",,,"24.18",,,,,
"47.587",,,,,,"1.34",,
"47.59",,,,,,,"162",
"47.594",,,,"526",,,,
"47.597",,,,,"566",,,
"47.601","549",,,,,,,
"47.605",,"549",,,,,,
"47.607",,,"24.18",,,,,
"47.61",,,,,,"1.34",,
"47.613",,,,,,,"162",
"47.618",,,,"526",,,,
"47.622",,,,,"566",,,
"47.626","549",,,,,,,
"47.629",,"549",,,,,,
"47.632",,,"24.18",,,,,
"47.635",,,,,,"1.34",,
"47.638",,,,,,,"162",
"47.642",,,,"526",,,,
"47.645",,,,,"566",,,
"47.649","549",,,,,,,
"47.653",,"549",,,,,,
"47.655",,,"24.18",,,,,
"47.66",,,,,,"1.34",,
"47.663",,,,,,,"162",
"47.666",,,,"526",,,,
"47.67",,,,,"565",,,
"47.674","548",,,,,,,
"47.677",,"549",,,,,,
"47.68",,,"24.18",,,,,
"47.683",,,,,,"1.34",,
"47.686",,,,,,,"162",
"47.69",,,,"526",,,,
"47.693",,,,,"565",,,
"47.697","548",,,,,,,
"47.702",,"548",,,,,,
"47.705",,,"23.52",,,,,
"47.708",,,,,,"1.36",,
"47.711",,,,,,,"162",
"47.715",,,,"525",,,,
"47.718",,,,,"565",,,
"47.722","549",,,,,,,
"47.726",,"548",,,,,,
"47.728",,,"23.52",,,,,
"47.731",,,,,,"1.36",,
"47.734",,,,,,,"161",
"47.738",,,,"525",,,,
"47.741",,,,,"566",,,
"47.746","550",,,,,,,
"47.75",,"549",,,,,,
"47.753",,,"24.18",,,,,
"47.756",,,,,,"1.34",,
"47.759",,,,,,,"161",
"47.763",,,,"525",,,,
"47.766",,,,,"566",,,
"47.77","550",,,,,,,
"47.774",,"550",,,,,,
"47.776",,,"24.83",,,,,
"47.779",,,,,,"1.33",,
"47.782",,,,,,,"161",
"47.787",,,,"525",,,,
"47.791",,,,,"566",,,
"47.795","550",,,,,,,
"47.798",,"550",,,,,,
"47.801",,,"24.83",,,,,
"47.804",,,,,,"1.33",,
"47.807",,,,,,,"161",
"47.811",,,,"525",,,,
"47.814",,,,,"565",,,
"47.818","549",,,,,,,
"47.822",,"550",,,,,,
"47.824",,,"24.83",,,,,
"47.828",,,,,,"1.33",,
"47.832",,,,,,,"161",
"47.835",,,,"525",,,,
"47.839",,,,,"564",,,
"47.843","548",,,,,,,
"47.846",,"549",,,,,,
"47.849",,,"24.18",,,,,
"47.852",,,,,,"1.34",,
"47.855",,,,,,,"161",
"47.859",,,,"525",,,,
"47.862",,,,,"563",,,
"47.866","547",,,,,,,
"47.87",,"550",,,,,,
"47.874",,,"24.83",,,,,
"47.877",,,,,,"1.33",,
"47.88",,,,,,,"161",
"47.884",,,,"525",,,,
"47.887",,,,,"563",,,
"47.891","547",,,,,,,
"47.895",,"549",,,,,,
"47.897",,,"24.18",,,,,
"47.9",,,,,,"1.34",,
"47.903",,,,,,,"161",
"47.907",,,,"525",,,,
"47.91",,,,,"562",,,
"47.915","546",,,,,,,
"47.919",,"549",,,,,,
"47.922",,,"24.18",,,,,
"47.925",,,,,,"1.34",,
"47.928",,,,,,,"161",
"47.932",,,,"525",,,,
"47.935",,,,,"563",,,
"47.939","547",,,,,,,
"47.943",,"546",,,,,,
"47.945",,,"22.22",,,,,
"47.948",,,,,,"1.4",,
"47.951",,,,,,,"161",
"47.955",,,,"524",,,,
"47.96",,,,,"561",,,
"47.964","546",,,,,,,
"47.967",,"547",,,,,,
"47.97",,,"22.87",,,,,
"47.973",,,,,,"1.38",,
"47.976",,,,,,,"160",
"47.98",,,,"524",,,,
"47.983",,,,,"561",,,
"47.987","546",,,,,,,
"47.991",,"546",,,,,,
"47.993",,,"22.22",,,,,
"47.997",,,,,,"1.4",,
"48.001",,,,,,,"160",
"48.004",,,,"524",,,,
"48.008",,,,,"560",,,
"48.012","545",,,,,,,
"48.015",,"548",,,,,,
"48.018",,,"23.52",,,,,
"48.021",,,,,,"1.36",,
"48.024",,,,,,,"160",
"48.028",,,,"524",,,,
"48.031",,,,,"560",,,
"48.035","545",,,,,,,
"48.039",,"548",,,,,,
"48.043",,,"23.52",,,,,
"48.046",,,,,,"1.36",,
"48.049",,,,,,,"160",
"48.053",,,,"524",,,,
"48.056",,,,,"560",,,
"48.06","545",,,,,,,
"48.064",,"545",,,,,,
"48.066",,,"21.56",,,,,
"48.069",,,,,,"1.41",,
"48.072",,,,,,,"160",
"48.076",,,,"524",,,,
"48.079",,,,,"560",,,
"48.083","545",,,,,,,
"48.088",,"545",,,,,,
"48.091",,,"21.56",,,,,
"48.094",,,,,,"1.41",,
"48.097",,,,,,,"160",
"48.101",,,,"524",,,,
"48.104",,,,,"560",,,
"48.108","545",,,,,,,
"48.112",,"545",,,,,,
"48.114",,,"21.56",,,,,
"48.117",,,,,,"1.41",,
"48.12",,,,,,,"160",
"48.124",,,,"524",,,,
"48.129",,,,,"560",,,
"48.133","545",,,,,,,
"48.136",,"545",,,,,,
"48.139",,,"21.56",,,,,
"48.142",,,,,,"1.41",,
"48.145",,,,,,,"160",
"48.149",,,,"524",,,,
"48.152",,,,,"559",,,
"48.156","544",,,,,,,
"48.16",,"547",,,,,,
"48.162",,,"22.87",,,,,
"48.166",,,,,,"1.38",,
"48.169",,,,,,,"160",
"48.173",,,,"524",,,,
"48.177",,,,,"558",,,
"48.181","543",,,,,,,
"48.185",,"547",,,,,,
"48.187",,,"22.87",,,,,
"48.19",,,,,,"1.38",,
"48.193",,,,,,,"160",
"48.197",,,,"524",,,,
"48.2",,,,,"558",,,
"48.204","543",,,,,,,
"48.208",,"547",,,,,,
"48.211",,,"22.87",,,,,
"48.215",,,,,,"1.38",,
"48.218",,,,,,,"159",
"48.222",,,,"524",,,,
"48.225",,,,,"557",,,
"48.229","542",,,,,,,
"48.233",,"546",,,,,,
"48.235",,,"22.22",,,,,
"48.238",,,,,,"1.4",,
"48.241",,,,,,,"159",
"48.245",,,,"524",,,,
"48.249",,,,,"557",,,
"48.252","542",,,,,,,
"48.257",,"546",,,,,,
"48.26",,,"22.22",,,,,
"48.263",,,,,,"1.4",,
"48.266",,,,,,,"159",
"48.27",,,,"524",,,,
"48.273",,,,,"557",,,
"48.277","542",,,,,,,
"48.281",,"542",,,,,,
"48.283",,,"19.6",,,,,
"48.286",,,,,,"1.47",,
"48.289",,,,,,,"159",
"48.293",,,,"524",,,,
"48.297",,,,,"557",,,
"48.302","542",,,,,,,
"48.305",,"542",,,,,,
"48.308",,,"19.6",,,,,
"48.311",,,,,,"1.47",,
"48.314",,,,,,,"159",
"48.318",,,,"524",,,,
"48.321",,,,,"557",,,
"48.325","542",,,,,,,
"48.329",,"542",,,,,,
"48.332",,,"19.6",,,,,
"48.335",,,,,,"1.47",,
"48.338",,,,,,,"159",
"48.342",,,,"524",,,,
"48.346",,,,,"556",,,
"48.35","541",,,,,,,
"48.354",,"544",,,,,,
"48.356",,,"20.91",,,,,
"48.359",,,,,,"1.43",,
"48.362",,,,,,,"159",
"48.366",,,,"524",,,,
"48.369",,,,,"557",,,
"48.373","542",,,,,,,
"48.377",,"541",,,,,,
"48.38",,,"18.95",,,,,
"48.384",,,,,,"1.48",,
"48.387",,,,,,,"159",
"48.391",,,,"524",,,,
"48.394",,,,,"557",,,
"48.398","542",,,,,,,
"48.402",,"542",,,,,,
"48.404",,,"19.6",,,,,
"48.407",,,,,,"1.47",,
"48.41",,,,,,,"159",
"48.414",,,,"524",,,,
"48.418",,,,,"557",,,
"48.422","542",,,,,,,
"48.425",,"542",,,,,,
"48.429",,,"19.6",,,,,
"48.432",,,,,,"1.47",,
"48.435",,,,,,,"159",
"48.439",,,,"523",,,,
"48.442",,,,,"557",,,
"48.446","543",,,,,,,
"48.45",,"542",,,,,,
"48.452",,,"19.6",,,,,
"48.455",,,,,,"1.47",,
"48.458",,,,,,,"158",
"48.462",,,,"523",,,,
"48.466",,,,,"558",,,
"48.471","544",,,,,,,
"48.474",,"543",,,,,,
"48.477",,,"20.26",,,,,
"48.48",,,,,,"1.45",,
"48.483",,,,,,,"158",
"48.487",,,,"523",,,,
"48.49",,,,,"558",,,
"48.494","544",,,,,,,
"48.498",,"544",,,,,,
"48.501",,,"20.91",,,,,
"48.504",,,,,,"1.43",,
"48.507",,,,,,,"158",
"48.51",,,,"523",,,,
"48.515",,,,,"559",,,
"48.519","545",,,,,,,
"48.523",,"544",,,,,,
"48.525",,,"20.91",,,,,
"48.528",,,,,,"1.43",,
"48.531",,,,,,,"158",
"48.535",,,,"523",,,,
"48.538",,,,,"559",,,
"48.542","545",,,,,,,
"48.546",,"545",,,,,,
"48.549",,,"21.56",,,,,
"48.552",,,,,,"1.41",,
"48.556",,,,,,,"158",
"48.56",,,,"523",,,,
"48.563",,,,,"559",,,
"48.567","545",,,,,,,
"48.571",,"545",,,,,,
"48.573",,,"21.56",,,,,
"48.576",,,,,,"1.41",,
"48.579",,,,,,,"158",
"48.583",,,,"523",,,,
"48.587",,,,,"558",,,
"48.591","544",,,,,,,
"48.594",,"545",,,,,,
"48.598",,,"21.56",,,,,
"48.601",,,,,,"1.41",,
"48.604",,,,,,,"158",
"48.608",,,,"523",,,,
"48.611",,,,,"558",,,
"48.615","544",,,,,,,
"48.619",,"544",,,,,,
"48.621",,,"20.91",,,,,
"48.624",,,,,,"1.43",,
"48.627",,,,,,,"158",
"48.631",,,,"523",,,,
"48.635",,,,,"557",,,
"48.64","543",,,,,,,
"48.643",,"544",,,,,,
"48.646",,,"20.91",,,,,
"48.649",,,,,,"1.43",,
"48.652",,,,,,,"158",
"48.656",,,,"523",,,,
"48.659",,,,,"556",,,
"48.663","542",,,,,,,
"48.667",,"543",,,,,,
"48.67",,,"20.26",,,,,
"48.673",,,,,,"1.45",,
"48.676",,,,,,,"158",
"48.68",,,,"523",,,,
"48.684",,,,,"557",,,
"48.688","543",,,,,,,
"48.692",,"542",,,,,,
"48.694",,,"19.6",,,,,
"48.697",,,,,,"1.47",,
"48.7",,,,,,,"157",
"48.704",,,,"523",,,,
"48.707",,,,,"557",,,
"48.711","543",,,,,,,
"48.715",,"543",,,,,,
"48.718",,,"20.26",,,,,
"48.721",,,,,,"1.45",,
"48.724",,,,,,,"157",
"48.729",,,,"523",,,,
"48.732",,,,,"558",,,
"48.736","544",,,,,,,
"48.74",,"543",,,,,,
"48.742",,,"20.26",,,,,
"48.745",,,,,,"1.45",,
"48.748",,,,,,,"157",
"48.752",,,,"523",,,,
"48.756",,,,,"558",,,
"48.76","544",,,,,,,
"48.763",,"544",,,,,,
"48.766",,,"20.91",,,,,
"48.77",,,,,,"1.43",,
"48.773",,,,,,,"157",
"48.777",,,,"523",,,,
"48.78",,,,,"558",,,
"48.784","544",,,,,,,
"48.788",,"544",,,,,,
"48.79",,,"20.91",,,,,
"48.794",,,,,,"1.43",,
"48.796",,,,,,,"157",
"48.8",,,,"523",,,,
"48.804",,,,,"559",,,
"48.808","545",,,,,,,
"48.812",,"544",,,,,,
"48.815",,,"20.91",,,,,
"48.818",,,,,,"1.43",,
"48.821",,,,,,,"157",
"48.825",,,,"523",,,,
"48.828",,,,,"560",,,
"48.832","546",,,,,,,
"48.836",,"543",,,,,,
"48.839",,,"20.26",,,,,
"48.842",,,,,,"1.45",,
"48.845",,,,,,,"157",
"48.849",,,,"523",,,,
"48.852",,,,,"560",,,
"48.857","546",,,,,,,
"48.861",,"543",,,,,,
"48.863",,,"20.26",,,,,
"48.866",,,,,,"1.45",,
"48.869",,,,,,,"157",
"48.873",,,,"523",,,,
"48.876",,,,,"561",,,
"48.88","547",,,,,,,
"48.884",,"544",,,,,,
"48.887",,,"20.91",,,,,
"48.89",,,,,,"1.43",,
"48.893",,,,,,,"157",
"48.898",,,,"523",,,,
"48.901",,,,,"561",,,
"48.905","547",,,,,,,
"48.909",,"544",,,,,,
"48.911",,,"20.91",,,,,
"48.914",,,,,,"1.43",,
"48.917",,,,,,,"157",
"48.921",,,,"522",,,,
"48.925",,,,,"562",,,
"48.929","549",,,,,,,
"48.932",,"544",,,,,,
"48.935",,,"20.91",,,,,
"48.939",,,,,,"1.43",,
"48.942",,,,,,,"156",
"48.946",,,,"522",,,,
"48.949",,,,,"562",,,
"48.953","549",,,,,,,
"48.957",,"544",,,,,,
"48.959",,,"20.91",,,,,
"48.963",,,,,,"1.43",,
"48.966",,,,,,,"156",
"48.969",,,,"522",,,,
"48.973",,,,,"562",,,
"48.977","549",,,,,,,
"48.98",,"549",,,,,,
"48.984",,,"24.18",,,,,
"48.987",,,,,,"1.34",,
"48.99",,,,,,,"156",
"48.994",,,,"522",,,,
"48.997",,,,,"563",,,
"49.001","550",,,,,,,
"49.005",,"545",,,,,,
"49.008",,,"21.56",,,,,
"49.011",,,,,,"1.41",,
"49.014",,,,,,,"156",
"49.018",,,,"522",,,,
"49.021",,,,,"563",,,
"49.026","550",,,,,,,
"49.03",,"545",,,,,,
"49.032",,,"21.56",,,,,
"49.035",,,,,,"1.41",,
"49.038",,,,,,,"156",
"49.042",,,,"522",,,,
"49.045",,,,,"563",,,
"49.049","550",,,,,,,
"49.053",,"550",,,,,,
"49.056",,,"24.83",,,,,
"49.059",,,,,,"1.33",,
"49.062",,,,,,,"156",
"49.067",,,,"522",,,,
"49.07",,,,,"563",,,
"49.074","550",,,,,,,
"49.078",,"550",,,,,,
"49.08",,,"24.83",,,,,
"49.083",,,,,,"1.33",,
"49.086",,,,,,,"156",
"49.09",,,,"522",,,,
"49.094",,,,,"564",,,
"49.098","551",,,,,,,
"49.101",,"546",,,,,,
"49.104",,,"22.22",,,,,
"49.107",,,,,,"1.4",,
"49.111",,,,,,,"156",
"49.115",,,,"522",,,,
"49.118",,,,,"563",,,
"49.122","550",,,,,,,
"49.126",,"551",,,,,,
"49.128",,,"25.48",,,,,
"49.132",,,,,,"1.31",,
"49.135",,,,,,,"156",
"49.138",,,,"522",,,,
"49.142",,,,,"563",,,
"49.146","550",,,,,,,
"49.149",,"550",,,,,,
"49.153",,,"24.83",,,,,
"49.156",,,,,,"1.33",,
"49.159",,,,,,,"156",
"49.163",,,,"521",,,,
"49.166",,,,,"563",,,
"49.17","551",,,,,,,
"49.174",,"550",,,,,,
"49.177",,,"24.83",,,,,
"49.18",,,,,,"1.33",,
"49.183",,,,,,,"155",
"49.187",,,,"521",,,,
"49.19",,,,,"563",,,
"49.195","551",,,,,,,
"49.199",,"551",,,,,,
"49.201",,,"25.48",,,,,
"49.204",,,,,,"1.31",,
"49.207",,,,,,,"155",
"49.211",,,,"521",,,,
"49.214",,,,,"563",,,
"49.218","551",,,,,,,
"49.222",,"551",,,,,,
"49.225",,,"25.48",,,,,
"49.228",,,,,,"1.31",,
"49.231",,,,,,,"155",
"49.235",,,,"521",,,,
"49.239",,,,,"563",,,
"49.243","551",,,,,,,
"49.247",,"551",,,,,,
"49.249",,,"25.48",,,,,
"49.252",,,,,,"1.31",,
"49.255",,,,,,,"155",
"49.259",,,,"521",,,,
"49.263",,,,,"563",,,
"49.267","551",,,,,,,
"49.27",,"551",,,,,,
"49.273",,,"25.48",,,,,
"49.276",,,,,,"1.31",,
"49.28",,,,,,,"155",
"49.284",,,,"521",,,,
"49.287",,,,,"564",,,
"49.291","552",,,,,,,
"49.295",,"548",,,,,,
"49.297",,,"23.52",,,,,
"49.301",,,,,,"1.36",,
"49.304",,,,,,,"155",
"49.307",,,,"521",,,,
"49.311",,,,,"564",,,
"49.315","552",,,,,,,
"49.318",,"548",,,,,,
"49.321",,,"23.52",,,,,
"49.325",,,,,,"1.36",,
"49.328",,,,,,,"155",
"49.332",,,,"521",,,,
"49.335",,,,,"564",,,
"49.339","552",,,,,,,
"49.343",,"552",,,,,,
"49.346",,,"26.14",,,,,
"49.349",,,,,,"1.29",,
"49.352",,,,,,,"155",
"49.356",,,,"521",,,,
"49.359",,,,,"564",,,
"49.363","552",,,,,,,
"49.368",,"552",,,,,,
"49.37",,,"26.14",,,,,
"49.373",,,,,,"1.29",,
"49.376",,,,,,,"155",
"49.38",,,,"521",,,,
"49.383",,,,,"564",,,
"49.387","552",,,,,,,
"49.391",,"552",,,,,,
"49.394",,,"26.14",,,,,
"49.397",,,,,,"1.29",,
"49.4",,,,,,,"155",
"49.404",,,,"521",,,,
"49.408",,,,,"564",,,
"49.412","552",,,,,,,
"49.416",,"552",,,,,,
"49.418",,,"26.14",,,,,
"49.421",,,,,,"1.29",,
"49.424",,,,,,,"154",
"49.428",,,,"521",,,,
"49.432",,,,,"564",,,
"49.436","552",,,,,,,
"49.439",,"552",,,,,,
"49.442",,,"26.14",,,,,
"49.445",,,,,,"1.29",,
"49.448",,,,,,,"154",
"49.453",,,,"521",,,,
"49.456",,,,,"563",,,
"49.46","551",,,,,,,
"49.464",,"552",,,,,,
"49.467",,,"26.14",,,,,
"49.47",,,,,,"1.29",,
"49.473",,,,,,,"154",
"49.476",,,,"521",,,,
"49.48",,,,,"562",,,
"49.484","550",,,,,,,
"49.488",,"551",,,,,,
"49.49",,,"25.48",,,,,
"49.494",,,,,,"1.31",,
"49.497",,,,,,,"154",
"49.501",,,,"521",,,,
"49.504",,,,,"561",,,
"49.508","549",,,,,,,
"49.512",,"551",,,,,,
"49.515",,,"25.48",,,,,
"49.518",,,,,,"1.31",,
"49.521",,,,,,,"154",
"49.525",,,,"521",,,,
"49.528",,,,,"561",,,
"49.532","549",,,,,,,
"49.537",,"551",,,,,,
"49.539",,,"25.48",,,,,
"49.542",,,,,,"1.31",,
"49.545",,,,,,,"154",
"49.549",,,,"521",,,,
"49.553",,,,,"561",,,
"49.556","549",,,,,,,
"49.56",,"549",,,,,,
"49.563",,,"24.18",,,,,
"49.566",,,,,,"1.34",,
"49.569",,,,,,,"154",
"49.573",,,,"521",,,,
"49.576",,,,,"560",,,
"49.581","548",,,,,,,
"49.585",,"550",,,,,,
"49.587",,,"24.83",,,,,
"49.59",,,,,,"1.33",,
"49.593",,,,,,,"154",
"49.597",,,,"521",,,,
"49.601",,,,,"559",,,
"49.605","547",,,,,,,
"49.608",,"550",,,,,,
"49.611",,,"24.83",,,,,
"49.614",,,,,,"1.33",,
"49.617",,,,,,,"154",
"49.622",,,,"521",,,,
"49.625",,,,,"559",,,
"49.629","547",,,,,,,
"49.633",,"550",,,,,,
"49.636",,,"24.83",,,,,
"49.639",,,,,,"1.33",,
"49.642",,,,,,,"154",
"49.645",,,,"520",,,,
"49.649",,,,,"559",,,
"49.653","548",,,,,,,
"49.657",,"547",,,,,,
"49.659",,,"22.87",,,,,
"49.662",,,,,,"1.38",,
"49.666",,,,,,,"153",
"49.67",,,,"520",,,,
"49.673",,,,,"560",,,
"49.677","549",,,,,,,
"49.681",,"548",,,,,,
"49.684",,,"23.52",,,,,
"49.687",,,,,,"1.36",,
"49.69",,,,,,,"153",
"49.694",,,,"520",,,,
"49.697",,,,,"560",,,
"49.701","549",,,,,,,
"49.705",,"549",,,,,,
"49.708",,,"24.18",,,,,
"49.711",,,,,,"1.34",,
"49.714",,,,,,,"153",
"49.718",,,,"520",,,,
"49.722",,,,,"560",,,
"49.726","549",,,,,,,
"49.729",,"549",,,,,,
"49.732",,,"24.18",,,,,
"49.735",,,,,,"1.34",,
"49.738",,,,,,,"153",
"49.742",,,,"520",,,,
"49.745",,,,,"560",,,
"49.75","549",,,,,,,
"49.754",,"549",,,,,,
"49.756",,,"24.18",,,,,
"49.759",,,,,,"1.34",,
"49.762",,,,,,,"153",
"49.766",,,,"520",,,,
"49.77",,,,,"560",,,
"49.774","549",,,,,,,
"49.777",,"549",,,,,,
"49.78",,,"24.18",,,,,
"49.783",,,,,,"1.34",,
"49.786",,,,,,,"153",
"49.79",,,,"520",,,,
"49.794",,,,,"560",,,
"49.798","549",,,,,,,
"49.802",,"549",,,,,,
"49.805",,,"24.18",,,,,
"49.808",,,,,,"1.34",,
"49.811",,,,,,,"153",
"49.815",,,,"520",,,,
"49.818",,,,,"560",,,
"49.822","549",,,,,,,
"49.826",,"549",,,,,,
"49.828",,,"24.18",,,,,
"49.831",,,,,,"1.34",,
"49.835",,,,,,,"153",
"49.839",,,,"520",,,,
"49.842",,,,,"560",,,
"49.846","549",,,,,,,
"49.85",,"549",,,,,,
"49.853",,,"24.18",,,,,
"49.856",,,,,,"1.34",,
"49.859",,,,,,,"153",
"49.863",,,,"520",,,,
"49.866",,,,,"561",,,
"49.87","550",,,,,,,
"49.874",,"549",,,,,,
"49.876",,,"24.18",,,,,
"49.88",,,,,,"1.34",,
"49.883",,,,,,,"153",
"49.887",,,,"520",,,,
"49.891",,,,,"561",,,
"49.895","550",,,,,,,
"49.898",,"550",,,,,,
"49.901",,,"24.83",,,,,
"49.904",,,,,,"1.33",,
"49.907",,,,,,,"152",
"49.911",,,,"520",,,,
"49.914",,,,,"561",,,
"49.918","550",,,,,,,
"49.923",,"550",,,,,,
"49.925",,,"24.83",,,,,
"49.928",,,,,,"1.33",,
"49.931",,,,,,,"152",
"49.935",,,,"520",,,,
"49.939",,,,,"560",,,
"49.943","549",,,,,,,
"49.946",,"550",,,,,,
"49.949",,,"24.83",,,,,
"49.952",,,,,,"1.33",,
"49.955",,,,,,,"152",
"49.959",,,,"520",,,,
"49.963",,,,,"560",,,
"49.967","549",,,,,,,
"49.971",,"549",,,,,,
"49.974",,,"24.18",,,,,
"49.977",,,,,,"1.34",,
"49.98",,,,,,,"152",
"49.984",,,,"520",,,,
"49.987",,,,,"559",,,
"49.991","548",,,,,,,
"49.995",,"549",,,,,,
"49.997",,,"24.18",,,,,
"50",,,,,,"1.34",,
"50.003",,,,,,,"152",
"50.008",,,,"520",,,,
"50.011",,,,,"560",,,
"50.015","549",,,,,,,
"50.019",,"548",,,,,,
"50.022",,,"23.52",,,,,
"50.025",,,,,,"1.36",,
